ListSchema={"schemaXmlList":["<Field ID=\"{fa564e0f-0c70-4ab9-b863-0177e6ddd247}\" Type=\"Text\" Name=\"Title\" DisplayName=\"Title\" Required=\"FALSE\" SourceID=\"http://schemas.microsoft.com/sharepoint/v3\" StaticName=\"Title\" FromBaseType=\"TRUE\" MaxLength=\"255\" />","<Field Type=\"Text\" DisplayName=\"RefId\" Name=\"field_1\" ID=\"{acb93919-c5bf-451b-b021-62b2bdf5850e}\" StaticName=\"field_1\" />","<Field Type=\"Text\" DisplayName=\"QuarterId\" Name=\"field_2\" ID=\"{2ff8eded-e74b-428a-a704-e9e657b68f3d}\" StaticName=\"field_2\" />","<Field Type=\"Text\" DisplayName=\"QuarterTitle\" Name=\"field_3\" ID=\"{b42c8a81-d5d0-45d1-8573-f516ba10e7b9}\" StaticName=\"field_3\" />","<Field Type=\"Text\" DisplayName=\"ModuleId\" Name=\"field_4\" ID=\"{f75859f3-00a3-4ed7-92e5-f3e5cbe56c3f}\" StaticName=\"field_4\" />","<Field Type=\"Text\" DisplayName=\"ModuleTitle\" Name=\"field_5\" ID=\"{67cc99ba-7e5b-4dfb-b4eb-a107e38b373a}\" StaticName=\"field_5\" />","<Field Type=\"Text\" DisplayName=\"DocType\" Name=\"field_6\" ID=\"{fc4e1314-0a84-4749-9fff-3a1783831c2c}\" StaticName=\"field_6\" />","<Field Type=\"Text\" DisplayName=\"DocCategory\" Name=\"field_7\" ID=\"{41a92701-18cc-462b-a919-71d65e1c3375}\" StaticName=\"field_7\" />","<Field Type=\"Text\" DisplayName=\"LinkLabel\" Name=\"field_9\" ID=\"{3d55fcb9-8685-43e9-b6a6-b751b32d5ade}\" StaticName=\"field_9\" />","<Field Type=\"Number\" DisplayName=\"IsActive\" Name=\"field_10\" ID=\"{2500cfc9-6167-49ef-8c5c-ecbc8c5dd5c6}\" StaticName=\"field_10\" />","<Field Type=\"Text\" DisplayName=\"ApprovalStatus\" Name=\"field_11\" ID=\"{6aa6bc14-d35f-428a-aa1d-9ee50b11bcd1}\" StaticName=\"field_11\" />","<Field Type=\"Number\" DisplayName=\"SortOrder\" Name=\"field_12\" ID=\"{4bd872d1-d85f-4c70-a73b-9c50e5c135df}\" StaticName=\"field_12\" />","<Field Type=\"Number\" DisplayName=\"IsQuickAccess\" Name=\"field_13\" ID=\"{f3063707-f9a5-48b3-ab5d-4652bc24e7a1}\" StaticName=\"field_13\" />","<Field Type=\"Number\" DisplayName=\"IsLaunchAsset\" Name=\"field_14\" ID=\"{f7f5c9fe-c521-42f4-8d17-35e53b729b1d}\" StaticName=\"field_14\" />","<Field Type=\"Number\" DisplayName=\"ShowInTraining\" Name=\"field_15\" ID=\"{c0c78539-8edc-472f-8e18-a6a908d8c9e2}\" StaticName=\"field_15\" />","<Field Type=\"Text\" DisplayName=\"TargetGroup\" Name=\"field_16\" ID=\"{8948cd79-3598-473b-9749-35c3c0b13701}\" StaticName=\"field_16\" />","<Field Type=\"Text\" DisplayName=\"Area\" Name=\"field_17\" ID=\"{6f3df2d3-ced5-4aed-86dd-ca952cc952fa}\" StaticName=\"field_17\" />","<Field Type=\"Text\" DisplayName=\"Workplace\" Name=\"field_18\" ID=\"{eedbe242-7180-4eb8-a36d-79a35f6df4cb}\" StaticName=\"field_18\" />","<Field Type=\"Text\" DisplayName=\"RiskTopic\" Name=\"field_19\" ID=\"{aec1cd87-8873-496f-a949-9d7f10edd50f}\" StaticName=\"field_19\" />","<Field Type=\"Text\" DisplayName=\"TriggerType\" Name=\"field_20\" ID=\"{74a959d9-1597-4441-b377-1ca4cc3cf654}\" StaticName=\"field_20\" />","<Field Type=\"Text\" DisplayName=\"LegalRef\" Name=\"field_21\" ID=\"{074bb229-652c-4869-99e7-c3cf2fafeffa}\" StaticName=\"field_21\" />","<Field Type=\"Text\" DisplayName=\"InternalRef\" Name=\"field_22\" ID=\"{45912b39-3354-43b3-ba5b-3054838a4807}\" StaticName=\"field_22\" />","<Field Type=\"Text\" DisplayName=\"Owner\" Name=\"field_23\" ID=\"{29a8dc82-2630-4381-91a2-7cf89550b226}\" StaticName=\"field_23\" />","<Field Type=\"Number\" DisplayName=\"ReviewDate\" Name=\"field_24\" ID=\"{c01fc646-49f4-4df7-83f3-c14860be698e}\" StaticName=\"field_24\" />","<Field Type=\"Number\" DisplayName=\"ValidFrom\" Name=\"field_25\" ID=\"{5ed2804d-0978-402f-a3a6-5dca1d436b43}\" StaticName=\"field_25\" />","<Field Type=\"Text\" DisplayName=\"VersionNo\" Name=\"field_26\" ID=\"{8eef02cb-d45a-4c1a-9b9a-d8c88ff88d3c}\" StaticName=\"field_26\" />","<Field Type=\"Text\" DisplayName=\"LanguageCode\" Name=\"field_27\" ID=\"{867c085b-c6a7-4946-904f-6f1715f7f0b9}\" StaticName=\"field_27\" />","<Field Type=\"Text\" DisplayName=\"ServerRelativeUrl\" Name=\"field_28\" ID=\"{b5b53ed7-a44c-46c4-bf6b-58c1e4ece239}\" StaticName=\"field_28\" />","<Field Type=\"Text\" DisplayName=\"LibraryName\" Name=\"field_29\" ID=\"{4deaf0e6-634d-4b9d-903c-dd4d26a53a81}\" StaticName=\"field_29\" />","<Field Type=\"Text\" DisplayName=\"FolderPath\" Name=\"field_30\" ID=\"{03d41110-22b9-4a5e-a89b-19183018d963}\" StaticName=\"field_30\" />","<Field Type=\"Text\" DisplayName=\"FileName\" Name=\"field_31\" ID=\"{2590182b-e6cc-4c30-8e3e-950645d092bb}\" StaticName=\"field_31\" />","<Field Type=\"Text\" DisplayName=\"FileExtension\" Name=\"field_32\" ID=\"{7dfb3ee4-2366-49a8-a85e-6e20ca1400e1}\" StaticName=\"field_32\" />","<Field Type=\"Text\" DisplayName=\"OpenMode\" Name=\"field_33\" ID=\"{72672880-6f7c-4b87-9f8b-c19b7aad60fa}\" StaticName=\"field_33\" />","<Field Type=\"Number\" DisplayName=\"IsExternal\" Name=\"field_34\" ID=\"{180572c5-e632-465d-939e-f1aeede5aade}\" StaticName=\"field_34\" />","<Field Type=\"Number\" DisplayName=\"LastLinkCheck\" Name=\"field_35\" ID=\"{50c20eeb-bb86-4007-bb4c-a6cb872de5eb}\" StaticName=\"field_35\" />","<Field Type=\"Text\" DisplayName=\"SourceArchive\" Name=\"field_36\" ID=\"{6424c7b6-09d0-498f-bcc3-46f1bbb8c14d}\" StaticName=\"field_36\" />","<Field Type=\"Text\" DisplayName=\"SourcePathInArchive\" Name=\"field_37\" ID=\"{3dc78fb6-620b-44d5-970b-fa5b20c86390}\" StaticName=\"field_37\" />","<Field Type=\"Text\" DisplayName=\"AnnahmeV0\" Name=\"field_38\" ID=\"{04efdd7c-d74e-4509-a12b-a9b94061511a}\" StaticName=\"field_38\" />","<Field ClientSideComponentId=\"00000000-0000-0000-0000-000000000000\" DisplayName=\"Link\" Format=\"Hyperlink\" Name=\"Link\" Title=\"LinkUrl\" Type=\"URL\" ID=\"{521e4ad8-e3d8-4f48-a042-eb557fb3a2e7}\" StaticName=\"Link\" />","<Field ID=\"{82642ec8-ef9b-478f-acf9-31f7d45fbc31}\" ReadOnly=\"TRUE\" Type=\"Computed\" Name=\"LinkTitle\" DisplayName=\"Title\" DisplayNameSrcField=\"Title\" ClassInfo=\"Menu\" AuthoringInfo=\"(linked to item with edit menu)\" ListItemMenuAllowed=\"Required\" LinkToItemAllowed=\"Prohibited\" SourceID=\"http://schemas.microsoft.com/sharepoint/v3\" StaticName=\"LinkTitle\" FromBaseType=\"TRUE\"><FieldRefs><FieldRef Name=\"Title\" /><FieldRef Name=\"LinkTitleNoMenu\" /><FieldRef Name=\"_EditMenuTableStart2\" /><FieldRef Name=\"_EditMenuTableEnd\" /></FieldRefs><DisplayPattern><FieldSwitch><Expr><GetVar Name=\"FreeForm\" /></Expr><Case Value=\"TRUE\"><Field Name=\"LinkTitleNoMenu\" /></Case><Default><HTML><![CDATA[<div class=\"ms-vb itx\" onmouseover=\"OnItem(this)\" CTXName=\"ctx]]></HTML><Field Name=\"_EditMenuTableStart2\" /><HTML><![CDATA[\">]]></HTML><Field Name=\"LinkTitleNoMenu\" /><HTML><![CDATA[</div>]]></HTML><HTML><![CDATA[<div class=\"s4-ctx\" onmouseover=\"OnChildItem(this.parentNode); return false;\">]]></HTML><HTML><![CDATA[<span>&nbsp;</span>]]></HTML><HTML><![CDATA[<a onfocus=\"OnChildItem(this.parentNode.parentNode); return false;\" onclick=\"PopMenuFromChevron(event); return false;\" href=\"javascript:;\" title=\"Open Menu\"></a>]]></HTML><HTML><![CDATA[<span>&nbsp;</span>]]></HTML><HTML><![CDATA[</div>]]></HTML></Default></FieldSwitch></DisplayPattern></Field>"]}
Title,RefId,QuarterId,QuarterTitle,ModuleId,ModuleTitle,DocType,DocCategory,LinkLabel,IsActive,ApprovalStatus,SortOrder,IsQuickAccess,IsLaunchAsset,ShowInTraining,TargetGroup,Area,Workplace,RiskTopic,TriggerType,LegalRef,InternalRef,Owner,ReviewDate,ValidFrom,VersionNo,LanguageCode,ServerRelativeUrl,LibraryName,FolderPath,FileName,FileExtension,OpenMode,IsExternal,LastLinkCheck,SourceArchive,SourcePathInArchive,AnnahmeV0,LinkUrl
02-2025 Monatsthema Risikomanagement,Q1-U1-REF-001,Q1,Sicher starten,2026_Q1_U1,Werksregeln & Risikomanagement,Monatsthema,Live-Nachschlagewerk,02-2025 Monatsthema Risikomanagement.pdf,1,Freigegeben,10,1,0,1,Fertigung gesamt / neue Mitarbeitende / Leiharbeit,werkweit,allgemein,Sicherheitskultur / Regeln / Risikomanagement,Regelintervall / Neueinstellung / Vorfall,ArbSchG §12; DGUV Vorschrift 1 §4,02-2025 Monatsthema Risikomanagement.pdf,EHS / Produktionsleitung,46.387,46.023,,DE,/sites/BAU_PROD_ALL/Shared Documents/02 EHS/Unterweisungsplan/02-2025 Monatsthema Risikomanagement.pdf,Shared Documents,/Shared Documents/02 EHS/Unterweisungsplan,02-2025 Monatsthema Risikomanagement.pdf,pdf,Web,0,0,Unternehmensdokumente.zip,Unterweisungsplan/02-2025 Monatsthema Risikomanagement.pdf,,https://alstomgroup.sharepoint.com/sites/BAU_PROD_ALL/Shared%20Documents/02%20EHS/Unterweisungsplan/02-2025%20Monatsthema%20Risikomanagement.pdf
Allgemeine Verhaltensregeln im Werk,Q1-U1-REF-002,Q1,Sicher starten,2026_Q1_U1,Werksregeln & Risikomanagement,Referenzdokument,Live-Nachschlagewerk,Allgemeine Verhaltensregeln im Werk.pdf,1,Freigegeben,20,0,0,1,Fertigung gesamt / neue Mitarbeitende / Leiharbeit,werkweit,allgemein,Sicherheitskultur / Regeln / Risikomanagement,Regelintervall / Neueinstellung / Vorfall,ArbSchG §12; DGUV Vorschrift 1 §4,Allgemeine Verhaltensregeln im Werk.pdf,EHS / Produktionsleitung,46.387,46.023,,DE,/sites/BAU_PROD_ALL/Shared Documents/02 EHS/Unterweisungsplan/Allgemeine Verhaltensregeln im Werk.pdf,Shared Documents,/Shared Documents/02 EHS/Unterweisungsplan,Allgemeine Verhaltensregeln im Werk.pdf,pdf,Web,0,0,Unternehmensdokumente.zip,Unterweisungsplan/Allgemeine Verhaltensregeln im Werk.pdf,,https://alstomgroup.sharepoint.com/sites/BAU_PROD_ALL/Shared%20Documents/02%20EHS/Unterweisungsplan/Allgemeine%20Verhaltensregeln%20im%20Werk.pdf
EHS-PRO-011-V6_Risikomanagement,Q1-U1-REF-003,Q1,Sicher starten,2026_Q1_U1,Werksregeln & Risikomanagement,EHS-PRO,Live-Nachschlagewerk,EHS-PRO-011-V6_Risikomanagement.pdf,1,Freigegeben,30,1,0,1,Fertigung gesamt / neue Mitarbeitende / Leiharbeit,werkweit,allgemein,Sicherheitskultur / Regeln / Risikomanagement,Regelintervall / Neueinstellung / Vorfall,ArbSchG §12; DGUV Vorschrift 1 §4,EHS-PRO-011-V6_Risikomanagement.pdf,EHS / Produktionsleitung,46.387,46.023,V6,DE,/sites/BAU_PROD_ALL/Shared Documents/02 EHS/Unterweisungsplan/EHS-PRO-011-V6_Risikomanagement.pdf,Shared Documents,/Shared Documents/02 EHS/Unterweisungsplan,EHS-PRO-011-V6_Risikomanagement.pdf,pdf,Web,0,0,Unternehmensdokumente.zip,Unterweisungsplan/EHS-PRO-011-V6_Risikomanagement.pdf,,https://alstomgroup.sharepoint.com/sites/BAU_PROD_ALL/Shared%20Documents/02%20EHS/Unterweisungsplan/EHS-PRO-011-V6_Risikomanagement.pdf
Alstom_Zero-Deviation-Plan.mp4,Q1-U1-VID-006,Q1,Sicher starten,2026_Q1_U1,Werksregeln & Risikomanagement,Video,Training Video,Video – Alstom Zero Deviation Plan,1,Freigegeben,30,0,1,1,Fertigung gesamt,werkweit,arbeitsplatzbezogen,Werksregeln & Risikomanagement,regelmäßig,,,EHS / Fertigung,,,V01,de,/sites/BAU_PROD_ALL/Shared Documents/02 EHS/Unterweisungsplan/Videos/Alstom_Zero-Deviation-Plan.mp4,Dokumente,/Shared Documents/02 EHS/Unterweisungsplan/Videos,Alstom_Zero-Deviation-Plan.mp4,mp4,Web,0,,SharePoint Videos,,0,https://alstomgroup.sharepoint.com/sites/BAU_PROD_ALL/Shared%20Documents/02%20EHS/Unterweisungsplan/Videos/Alstom_Zero-Deviation-Plan.mp4
Lebensrettende_Regeln.mp4,Q1-U1-VID-004,Q1,Sicher starten,2026_Q1_U1,Werksregeln & Risikomanagement,Video,Training Video,Video – Lebensrettende Regeln,1,Freigegeben,30,0,1,1,Fertigung gesamt,werkweit,arbeitsplatzbezogen,Werksregeln & Risikomanagement,regelmäßig,,,EHS / Fertigung,,,V01,de,/sites/BAU_PROD_ALL/Shared Documents/02 EHS/Unterweisungsplan/Videos/Lebensrettende_Regeln.mp4,Dokumente,/Shared Documents/02 EHS/Unterweisungsplan/Videos,Lebensrettende_Regeln.mp4,mp4,Web,0,,SharePoint Videos,,0,https://alstomgroup.sharepoint.com/sites/BAU_PROD_ALL/Shared%20Documents/02%20EHS/Unterweisungsplan/Videos/Lebensrettende_Regeln.mp4
Werksregeln_&_Risikomanagement.mp4,Q1-U1-VID-002,Q1,Sicher starten,2026_Q1_U1,Werksregeln & Risikomanagement,Video,Training Video,Video – Werksregeln & Risikomanagement,1,Freigegeben,30,0,1,1,Fertigung gesamt,werkweit,arbeitsplatzbezogen,Werksregeln & Risikomanagement,regelmäßig,,,EHS / Fertigung,,,V01,de,/sites/BAU_PROD_ALL/Shared Documents/02 EHS/Unterweisungsplan/Videos/Werksregeln_&_Risikomanagement.mp4,Dokumente,/Shared Documents/02 EHS/Unterweisungsplan/Videos,Werksregeln_&_Risikomanagement.mp4,mp4,Web,0,,SharePoint Videos,,0,https://alstomgroup.sharepoint.com/sites/BAU_PROD_ALL/Shared%20Documents/02%20EHS/Unterweisungsplan/Videos/Werksregeln_&_Risikomanagement.mp4
EHS-Schulung_Bautzen,Q1-U1-REF-004,Q1,Sicher starten,2026_Q1_U1,Werksregeln & Risikomanagement,Schulungsunterlage,Trainerhilfe,EHS-Schulung_Bautzen.pdf,1,Freigegeben,40,1,1,1,Fertigung gesamt / neue Mitarbeitende / Leiharbeit,werkweit,allgemein,Sicherheitskultur / Regeln / Risikomanagement,Regelintervall / Neueinstellung / Vorfall,ArbSchG §12; DGUV Vorschrift 1 §4,EHS-Schulung_Bautzen.pdf,EHS / Produktionsleitung,46.387,46.023,,DE,/sites/BAU_PROD_ALL/Shared Documents/02 EHS/Unterweisungsplan/EHS-Schulung_Bautzen.pdf,Shared Documents,/Shared Documents/02 EHS/Unterweisungsplan,EHS-Schulung_Bautzen.pdf,pdf,Web,0,0,Unternehmensdokumente.zip,Unterweisungsplan/EHS-Schulung_Bautzen.pdf,,https://alstomgroup.sharepoint.com/sites/BAU_PROD_ALL/Shared%20Documents/02%20EHS/Unterweisungsplan/EHS-Schulung_Bautzen.pdf
Energie Bewusstsein,Q1-U1-REF-005,Q1,Sicher starten,2026_Q1_U1,Werksregeln & Risikomanagement,Referenzdokument,Live-Nachschlagewerk,Energie Bewusstsein.pdf,1,Freigegeben,50,0,0,1,Fertigung gesamt / neue Mitarbeitende / Leiharbeit,werkweit,allgemein,Sicherheitskultur / Regeln / Risikomanagement,Regelintervall / Neueinstellung / Vorfall,ArbSchG §12; DGUV Vorschrift 1 §4,Energie Bewusstsein.pdf,EHS / Produktionsleitung,46.387,46.023,,DE,/sites/BAU_PROD_ALL/Shared Documents/02 EHS/Unterweisungsplan/Energie Bewusstsein.pdf,Shared Documents,/Shared Documents/02 EHS/Unterweisungsplan,Energie Bewusstsein.pdf,pdf,Web,0,0,Unternehmensdokumente.zip,Unterweisungsplan/Energie Bewusstsein.pdf,,https://alstomgroup.sharepoint.com/sites/BAU_PROD_ALL/Shared%20Documents/02%20EHS/Unterweisungsplan/Energie%20Bewusstsein.pdf
SEC-BAU-TEM-001_A_AMS_ SICHERHEITS-CHARTA Bautzen,Q1-U1-REF-006,Q1,Sicher starten,2026_Q1_U1,Werksregeln & Risikomanagement,Referenzdokument,Live-Nachschlagewerk,SEC-BAU-TEM-001_A_AMS_ SICHERHEITS-CHARTA Bautzen.pdf,1,Freigegeben,60,0,0,1,Fertigung gesamt / neue Mitarbeitende / Leiharbeit,werkweit,allgemein,Sicherheitskultur / Regeln / Risikomanagement,Regelintervall / Neueinstellung / Vorfall,ArbSchG §12; DGUV Vorschrift 1 §4,SEC-BAU-TEM-001_A_AMS_ SICHERHEITS-CHARTA Bautzen.pdf,EHS / Produktionsleitung,46.387,46.023,,DE,/sites/BAU_PROD_ALL/Shared Documents/02 EHS/Unterweisungsplan/SEC-BAU-TEM-001_A_AMS_ SICHERHEITS-CHARTA Bautzen.pdf,Shared Documents,/Shared Documents/02 EHS/Unterweisungsplan,SEC-BAU-TEM-001_A_AMS_ SICHERHEITS-CHARTA Bautzen.pdf,pdf,Web,0,0,Unternehmensdokumente.zip,Unterweisungsplan/SEC-BAU-TEM-001_A_AMS_ SICHERHEITS-CHARTA Bautzen.pdf,,https://alstomgroup.sharepoint.com/sites/BAU_PROD_ALL/Shared%20Documents/02%20EHS/Unterweisungsplan/SEC-BAU-TEM-001_A_AMS_%20SICHERHEITS-CHARTA%20Bautzen.pdf
Tägliches Risikomanagement (DDRM) für Bautzen 25.09.2025,Q1-U1-REF-007,Q1,Sicher starten,2026_Q1_U1,Werksregeln & Risikomanagement,Referenzdokument,Live-Nachschlagewerk,Tägliches Risikomanagement (DDRM) für Bautzen 25.09.2025.pdf,1,Freigegeben,70,0,0,1,Fertigung gesamt / neue Mitarbeitende / Leiharbeit,werkweit,allgemein,Sicherheitskultur / Regeln / Risikomanagement,Regelintervall / Neueinstellung / Vorfall,ArbSchG §12; DGUV Vorschrift 1 §4,Tägliches Risikomanagement (DDRM) für Bautzen 25.09.2025.pdf,EHS / Produktionsleitung,46.387,46.023,,DE,/sites/BAU_PROD_ALL/Shared Documents/02 EHS/Unterweisungsplan/Tägliches Risikomanagement (DDRM) für Bautzen 25.09.2025.pdf,Shared Documents,/Shared Documents/02 EHS/Unterweisungsplan,Tägliches Risikomanagement (DDRM) für Bautzen 25.09.2025.pdf,pdf,Web,0,0,Unternehmensdokumente.zip,Unterweisungsplan/Tägliches Risikomanagement (DDRM) für Bautzen 25.09.2025.pdf,,https://alstomgroup.sharepoint.com/sites/BAU_PROD_ALL/Shared%20Documents/02%20EHS/Unterweisungsplan/T%C3%A4gliches%20Risikomanagement%20%28DDRM%29%20f%C3%BCr%20Bautzen%2025.09.2025.pdf
Verhaltensregeln_Werk_BAU_15-05-25,Q1-U1-REF-008,Q1,Sicher starten,2026_Q1_U1,Werksregeln & Risikomanagement,Referenzdokument,Live-Nachschlagewerk,Verhaltensregeln_Werk_BAU_15-05-25.pdf,1,Freigegeben,80,0,0,1,Fertigung gesamt / neue Mitarbeitende / Leiharbeit,werkweit,allgemein,Sicherheitskultur / Regeln / Risikomanagement,Regelintervall / Neueinstellung / Vorfall,ArbSchG §12; DGUV Vorschrift 1 §4,Verhaltensregeln_Werk_BAU_15-05-25.pdf,EHS / Produktionsleitung,46.387,46.023,,DE,/sites/BAU_PROD_ALL/Shared Documents/02 EHS/Unterweisungsplan/Verhaltensregeln_Werk_BAU_15-05-25.pdf,Shared Documents,/Shared Documents/02 EHS/Unterweisungsplan,Verhaltensregeln_Werk_BAU_15-05-25.pdf,pdf,Web,0,0,Unternehmensdokumente.zip,Unterweisungsplan/Verhaltensregeln_Werk_BAU_15-05-25.pdf,,https://alstomgroup.sharepoint.com/sites/BAU_PROD_ALL/Shared%20Documents/02%20EHS/Unterweisungsplan/Verhaltensregeln_Werk_BAU_15-05-25.pdf
01-2025 Monatsthema-Leitern und Tritte,Q1-U2-REF-001,Q1,Sicher starten,2026_Q1_U2,Arbeiten in der Höhe & sichere Zugänge,Monatsthema,Live-Nachschlagewerk,01-2025 Monatsthema-Leitern und Tritte.pdf,1,Freigegeben,10,1,0,1,Rohbau / Montage / Instandhaltung,arbeitsplatzbezogen,Leitern / Podeste / Zugänge / Gruben,Absturz / Zugänge / Arbeitsplätze in der Höhe,Regelintervall / neue Tätigkeit / neues Arbeitsmittel,ArbSchG §12; BetrSichV §12,01-2025 Monatsthema-Leitern und Tritte.pdf,EHS / Produktionsleitung,46.387,46.023,,DE,/sites/BAU_PROD_ALL/Shared Documents/02 EHS/Unterweisungsplan/01-2025 Monatsthema-Leitern und Tritte.pdf,Shared Documents,/Shared Documents/02 EHS/Unterweisungsplan,01-2025 Monatsthema-Leitern und Tritte.pdf,pdf,Web,0,0,Unternehmensdokumente.zip,Unterweisungsplan/01-2025 Monatsthema-Leitern und Tritte.pdf,,https://alstomgroup.sharepoint.com/sites/BAU_PROD_ALL/Shared%20Documents/02%20EHS/Unterweisungsplan/01-2025%20Monatsthema-Leitern%20und%20Tritte.pdf
DACH EHS Standard 01 - Ortsveränderliche Leitern und Tritte - rev02,Q1-U2-REF-002,Q1,Sicher starten,2026_Q1_U2,Arbeiten in der Höhe & sichere Zugänge,Standard,Live-Nachschlagewerk,DACH EHS Standard 01 - Ortsveränderliche Leitern und Tritte - rev02.pdf,1,Freigegeben,20,1,0,1,Rohbau / Montage / Instandhaltung,arbeitsplatzbezogen,Leitern / Podeste / Zugänge / Gruben,Absturz / Zugänge / Arbeitsplätze in der Höhe,Regelintervall / neue Tätigkeit / neues Arbeitsmittel,ArbSchG §12; BetrSichV §12,DACH EHS Standard 01 - Ortsveränderliche Leitern und Tritte - rev02.pdf,EHS / Produktionsleitung,46.387,46.023,rev02,DE,/sites/BAU_PROD_ALL/Shared Documents/02 EHS/Unterweisungsplan/DACH EHS Standard 01 - Ortsveränderliche Leitern und Tritte - rev02.pdf,Shared Documents,/Shared Documents/02 EHS/Unterweisungsplan,DACH EHS Standard 01 - Ortsveränderliche Leitern und Tritte - rev02.pdf,pdf,Web,0,0,Unternehmensdokumente.zip,Unterweisungsplan/DACH EHS Standard 01 - Ortsveränderliche Leitern und Tritte - rev02.pdf,,https://alstomgroup.sharepoint.com/sites/BAU_PROD_ALL/Shared%20Documents/02%20EHS/Unterweisungsplan/DACH%20EHS%20Standard%2001%20-%20Ortsver%C3%A4nderliche%20Leitern%20und%20Tritte%20-%20rev02.pdf
EHS-PRO-016-V8_Arbeiten_in_der_Höhe,Q1-U2-REF-003,Q1,Sicher starten,2026_Q1_U2,Arbeiten in der Höhe & sichere Zugänge,EHS-PRO,Live-Nachschlagewerk,EHS-PRO-016-V8_Arbeiten_in_der_Höhe.pdf,1,Freigegeben,30,1,0,1,Rohbau / Montage / Instandhaltung,arbeitsplatzbezogen,Leitern / Podeste / Zugänge / Gruben,Absturz / Zugänge / Arbeitsplätze in der Höhe,Regelintervall / neue Tätigkeit / neues Arbeitsmittel,ArbSchG §12; BetrSichV §12,EHS-PRO-016-V8_Arbeiten_in_der_Höhe.pdf,EHS / Produktionsleitung,46.387,46.023,V8,DE,/sites/BAU_PROD_ALL/Shared Documents/02 EHS/Unterweisungsplan/EHS-PRO-016-V8_Arbeiten_in_der_Höhe.pdf,Shared Documents,/Shared Documents/02 EHS/Unterweisungsplan,EHS-PRO-016-V8_Arbeiten_in_der_Höhe.pdf,pdf,Web,0,0,Unternehmensdokumente.zip,Unterweisungsplan/EHS-PRO-016-V8_Arbeiten_in_der_Höhe.pdf,,https://alstomgroup.sharepoint.com/sites/BAU_PROD_ALL/Shared%20Documents/02%20EHS/Unterweisungsplan/EHS-PRO-016-V8_Arbeiten_in_der_H%C3%B6he.pdf
Sicher__Leitern_und_Tritte.mp4,Q1-U2-VID-008,Q1,Sicher starten,2026_Q1_U2,Arbeiten in der Höhe & sichere Zugänge,Video,Training Video,Video – Arbeiten in der Höhe & sichere Zugänge,1,Freigegeben,30,0,1,1,Fertigung gesamt,werkweit,arbeitsplatzbezogen,Arbeiten in der Höhe & sichere Zugänge,regelmäßig,,,EHS / Fertigung,,,V01,de,/sites/BAU_PROD_ALL/Shared Documents/02 EHS/Unterweisungsplan/Videos/Sicher__Leitern_und_Tritte.mp4,Dokumente,/Shared Documents/02 EHS/Unterweisungsplan/Videos,Sicher__Leitern_und_Tritte.mp4,mp4,Web,0,,SharePoint Videos,,0,https://alstomgroup.sharepoint.com/sites/BAU_PROD_ALL/Shared%20Documents/02%20EHS/Unterweisungsplan/Videos/Sicher__Leitern_und_Tritte.mp4
Gefährdungsbeurteilung Arbeiten mit Leitern über 2m Formular,Q1-U2-REF-004,Q1,Sicher starten,2026_Q1_U2,Arbeiten in der Höhe & sichere Zugänge,Gefährdungsbeurteilung,Live-Nachschlagewerk,Gefährdungsbeurteilung Arbeiten mit Leitern über 2m Formular.docx,1,Freigegeben,40,1,0,1,Rohbau / Montage / Instandhaltung,arbeitsplatzbezogen,Leitern / Podeste / Zugänge / Gruben,Absturz / Zugänge / Arbeitsplätze in der Höhe,Regelintervall / neue Tätigkeit / neues Arbeitsmittel,ArbSchG §12; BetrSichV §12,Gefährdungsbeurteilung Arbeiten mit Leitern über 2m Formular.docx,EHS / Produktionsleitung,46.387,46.023,,DE,/sites/BAU_PROD_ALL/Shared Documents/02 EHS/Unterweisungsplan/Weitere/Gefährdungsbeurteilung Arbeiten mit Leitern über 2m Formular.docx,Shared Documents,/Shared Documents/02 EHS/Unterweisungsplan/Weitere,Gefährdungsbeurteilung Arbeiten mit Leitern über 2m Formular.docx,docx,Web,0,0,Weitere.zip,Gefährdungsbeurteilung Arbeiten mit Leitern über 2m Formular.docx,Pfad in SharePoint angenommen: /Shared Documents/02 EHS/Unterweisungsplan/Weitere/,https://alstomgroup.sharepoint.com/sites/BAU_PROD_ALL/Shared%20Documents/02%20EHS/Unterweisungsplan/Weitere/Gef%C3%A4hrdungsbeurteilung%20Arbeiten%20mit%20Leitern%20%C3%BCber%202m%20Formular.docx
HSE_Standard_01_Innenliegende Geländer Rohbauarbeitsstände,Q1-U2-REF-005,Q1,Sicher starten,2026_Q1_U2,Arbeiten in der Höhe & sichere Zugänge,Standard,Live-Nachschlagewerk,HSE_Standard_01_Innenliegende Geländer Rohbauarbeitsstände.pdf,1,Freigegeben,50,1,0,1,Rohbau / Montage / Instandhaltung,arbeitsplatzbezogen,Leitern / Podeste / Zugänge / Gruben,Absturz / Zugänge / Arbeitsplätze in der Höhe,Regelintervall / neue Tätigkeit / neues Arbeitsmittel,ArbSchG §12; BetrSichV §12,HSE_Standard_01_Innenliegende Geländer Rohbauarbeitsstände.pdf,EHS / Produktionsleitung,46.387,46.023,,DE,/sites/BAU_PROD_ALL/Shared Documents/02 EHS/Unterweisungsplan/HSE_Standard_01_Innenliegende Geländer Rohbauarbeitsstände.pdf,Shared Documents,/Shared Documents/02 EHS/Unterweisungsplan,HSE_Standard_01_Innenliegende Geländer Rohbauarbeitsstände.pdf,pdf,Web,0,0,Unternehmensdokumente.zip,Unterweisungsplan/HSE_Standard_01_Innenliegende Geländer Rohbauarbeitsstände.pdf,,https://alstomgroup.sharepoint.com/sites/BAU_PROD_ALL/Shared%20Documents/02%20EHS/Unterweisungsplan/HSE_Standard_01_Innenliegende%20Gel%C3%A4nder%20Rohbauarbeitsst%C3%A4nde.pdf
HSE_Standard_03_Einsatz von Geländersystemen,Q1-U2-REF-006,Q1,Sicher starten,2026_Q1_U2,Arbeiten in der Höhe & sichere Zugänge,Standard,Live-Nachschlagewerk,HSE_Standard_03_Einsatz von Geländersystemen.pdf,1,Freigegeben,60,1,0,1,Rohbau / Montage / Instandhaltung,arbeitsplatzbezogen,Leitern / Podeste / Zugänge / Gruben,Absturz / Zugänge / Arbeitsplätze in der Höhe,Regelintervall / neue Tätigkeit / neues Arbeitsmittel,ArbSchG §12; BetrSichV §12,HSE_Standard_03_Einsatz von Geländersystemen.pdf,EHS / Produktionsleitung,46.387,46.023,,DE,/sites/BAU_PROD_ALL/Shared Documents/02 EHS/Unterweisungsplan/HSE_Standard_03_Einsatz von Geländersystemen.pdf,Shared Documents,/Shared Documents/02 EHS/Unterweisungsplan,HSE_Standard_03_Einsatz von Geländersystemen.pdf,pdf,Web,0,0,Unternehmensdokumente.zip,Unterweisungsplan/HSE_Standard_03_Einsatz von Geländersystemen.pdf,,https://alstomgroup.sharepoint.com/sites/BAU_PROD_ALL/Shared%20Documents/02%20EHS/Unterweisungsplan/HSE_Standard_03_Einsatz%20von%20Gel%C3%A4ndersystemen.pdf
HSE_Standard_04_Einsatz von mobilen und festen Arbeitspodesten,Q1-U2-REF-007,Q1,Sicher starten,2026_Q1_U2,Arbeiten in der Höhe & sichere Zugänge,Standard,Live-Nachschlagewerk,HSE_Standard_04_Einsatz von mobilen und festen Arbeitspodesten.pdf,1,Freigegeben,70,1,0,1,Rohbau / Montage / Instandhaltung,arbeitsplatzbezogen,Leitern / Podeste / Zugänge / Gruben,Absturz / Zugänge / Arbeitsplätze in der Höhe,Regelintervall / neue Tätigkeit / neues Arbeitsmittel,ArbSchG §12; BetrSichV §12,HSE_Standard_04_Einsatz von mobilen und festen Arbeitspodesten.pdf,EHS / Produktionsleitung,46.387,46.023,,DE,/sites/BAU_PROD_ALL/Shared Documents/02 EHS/Unterweisungsplan/HSE_Standard_04_Einsatz von mobilen und festen Arbeitspodesten.pdf,Shared Documents,/Shared Documents/02 EHS/Unterweisungsplan,HSE_Standard_04_Einsatz von mobilen und festen Arbeitspodesten.pdf,pdf,Web,0,0,Unternehmensdokumente.zip,Unterweisungsplan/HSE_Standard_04_Einsatz von mobilen und festen Arbeitspodesten.pdf,,https://alstomgroup.sharepoint.com/sites/BAU_PROD_ALL/Shared%20Documents/02%20EHS/Unterweisungsplan/HSE_Standard_04_Einsatz%20von%20mobilen%20und%20festen%20Arbeitspodesten.pdf
HSE_Standard_05_Zugang zu höher gelegenen Arbeitsplätzen,Q1-U2-REF-008,Q1,Sicher starten,2026_Q1_U2,Arbeiten in der Höhe & sichere Zugänge,Standard,Live-Nachschlagewerk,HSE_Standard_05_Zugang zu höher gelegenen Arbeitsplätzen.pdf,1,Freigegeben,80,1,0,1,Rohbau / Montage / Instandhaltung,arbeitsplatzbezogen,Leitern / Podeste / Zugänge / Gruben,Absturz / Zugänge / Arbeitsplätze in der Höhe,Regelintervall / neue Tätigkeit / neues Arbeitsmittel,ArbSchG §12; BetrSichV §12,HSE_Standard_05_Zugang zu höher gelegenen Arbeitsplätzen.pdf,EHS / Produktionsleitung,46.387,46.023,,DE,/sites/BAU_PROD_ALL/Shared Documents/02 EHS/Unterweisungsplan/HSE_Standard_05_Zugang zu höher gelegenen Arbeitsplätzen.pdf,Shared Documents,/Shared Documents/02 EHS/Unterweisungsplan,HSE_Standard_05_Zugang zu höher gelegenen Arbeitsplätzen.pdf,pdf,Web,0,0,Unternehmensdokumente.zip,Unterweisungsplan/HSE_Standard_05_Zugang zu höher gelegenen Arbeitsplätzen.pdf,,https://alstomgroup.sharepoint.com/sites/BAU_PROD_ALL/Shared%20Documents/02%20EHS/Unterweisungsplan/HSE_Standard_05_Zugang%20zu%20h%C3%B6her%20gelegenen%20Arbeitspl%C3%A4tzen.pdf
HSE_Standard_07_Absicherung von Gruben,Q1-U2-REF-009,Q1,Sicher starten,2026_Q1_U2,Arbeiten in der Höhe & sichere Zugänge,Standard,Live-Nachschlagewerk,HSE_Standard_07_Absicherung von Gruben.pdf,1,Freigegeben,90,1,0,1,Rohbau / Montage / Instandhaltung,arbeitsplatzbezogen,Leitern / Podeste / Zugänge / Gruben,Absturz / Zugänge / Arbeitsplätze in der Höhe,Regelintervall / neue Tätigkeit / neues Arbeitsmittel,ArbSchG §12; BetrSichV §12,HSE_Standard_07_Absicherung von Gruben.pdf,EHS / Produktionsleitung,46.387,46.023,,DE,/sites/BAU_PROD_ALL/Shared Documents/02 EHS/Unterweisungsplan/HSE_Standard_07_Absicherung von Gruben.pdf,Shared Documents,/Shared Documents/02 EHS/Unterweisungsplan,HSE_Standard_07_Absicherung von Gruben.pdf,pdf,Web,0,0,Unternehmensdokumente.zip,Unterweisungsplan/HSE_Standard_07_Absicherung von Gruben.pdf,,https://alstomgroup.sharepoint.com/sites/BAU_PROD_ALL/Shared%20Documents/02%20EHS/Unterweisungsplan/HSE_Standard_07_Absicherung%20von%20Gruben.pdf
03-2025 Fahrzeugbewegung,Q2-U1-REF-001,Q2,Sicher arbeiten,2026_Q2_U1,Transport- und Hebevorgänge,Referenzdokument,Live-Nachschlagewerk,03-2025 Fahrzeugbewegung.pdf,1,Freigegeben,10,0,0,1,Logistik / Rohbau / Montage / Kranumfeld,materialflussbezogen,Transport / Kran / Schiebebühne / Fahrzeugbewegung,Heben / Transport / Fahrzeugbewegung,Regelintervall / Vorfall / neue Abläufe,ArbSchG §12; BetrSichV §12,03-2025 Fahrzeugbewegung.pdf,EHS / Produktionsleitung,46.387,46.023,,DE,/sites/BAU_PROD_ALL/Shared Documents/02 EHS/Unterweisungsplan/03-2025 Fahrzeugbewegung.pdf,Shared Documents,/Shared Documents/02 EHS/Unterweisungsplan,03-2025 Fahrzeugbewegung.pdf,pdf,Web,0,0,Unternehmensdokumente.zip,Unterweisungsplan/03-2025 Fahrzeugbewegung.pdf,,https://alstomgroup.sharepoint.com/sites/BAU_PROD_ALL/Shared%20Documents/02%20EHS/Unterweisungsplan/03-2025%20Fahrzeugbewegung.pdf
07-2025 Fahrzeugbewegung-Schiebebühnen,Q2-U1-REF-002,Q2,Sicher arbeiten,2026_Q2_U1,Transport- und Hebevorgänge,Referenzdokument,Live-Nachschlagewerk,07-2025 Fahrzeugbewegung-Schiebebühnen.pdf,1,Freigegeben,20,0,0,1,Logistik / Rohbau / Montage / Kranumfeld,materialflussbezogen,Transport / Kran / Schiebebühne / Fahrzeugbewegung,Heben / Transport / Fahrzeugbewegung,Regelintervall / Vorfall / neue Abläufe,ArbSchG §12; BetrSichV §12,07-2025 Fahrzeugbewegung-Schiebebühnen.pdf,EHS / Produktionsleitung,46.387,46.023,,DE,/sites/BAU_PROD_ALL/Shared Documents/02 EHS/Unterweisungsplan/07-2025 Fahrzeugbewegung-Schiebebühnen.pdf,Shared Documents,/Shared Documents/02 EHS/Unterweisungsplan,07-2025 Fahrzeugbewegung-Schiebebühnen.pdf,pdf,Web,0,0,Unternehmensdokumente.zip,Unterweisungsplan/07-2025 Fahrzeugbewegung-Schiebebühnen.pdf,,https://alstomgroup.sharepoint.com/sites/BAU_PROD_ALL/Shared%20Documents/02%20EHS/Unterweisungsplan/07-2025%20Fahrzeugbewegung-Schiebeb%C3%BChnen.pdf
EHS-PRO-018-V6_Hebevorgänge,Q2-U1-REF-003,Q2,Sicher arbeiten,2026_Q2_U1,Transport- und Hebevorgänge,EHS-PRO,Live-Nachschlagewerk,EHS-PRO-018-V6_Hebevorgänge.pdf,1,Freigegeben,30,1,0,1,Logistik / Rohbau / Montage / Kranumfeld,materialflussbezogen,Transport / Kran / Schiebebühne / Fahrzeugbewegung,Heben / Transport / Fahrzeugbewegung,Regelintervall / Vorfall / neue Abläufe,ArbSchG §12; BetrSichV §12,EHS-PRO-018-V6_Hebevorgänge.pdf,EHS / Produktionsleitung,46.387,46.023,V6,DE,/sites/BAU_PROD_ALL/Shared Documents/02 EHS/Unterweisungsplan/EHS-PRO-018-V6_Hebevorgänge.pdf,Shared Documents,/Shared Documents/02 EHS/Unterweisungsplan,EHS-PRO-018-V6_Hebevorgänge.pdf,pdf,Web,0,0,Unternehmensdokumente.zip,Unterweisungsplan/EHS-PRO-018-V6_Hebevorgänge.pdf,,https://alstomgroup.sharepoint.com/sites/BAU_PROD_ALL/Shared%20Documents/02%20EHS/Unterweisungsplan/EHS-PRO-018-V6_Hebevorg%C3%A4nge.pdf
EHS-PRO-019-V6_innerbetriebliche_Transportarbeiten,Q2-U1-REF-004,Q2,Sicher arbeiten,2026_Q2_U1,Transport- und Hebevorgänge,EHS-PRO,Live-Nachschlagewerk,EHS-PRO-019-V6_innerbetriebliche_Transportarbeiten.pdf,1,Freigegeben,40,1,0,1,Logistik / Rohbau / Montage / Kranumfeld,materialflussbezogen,Transport / Kran / Schiebebühne / Fahrzeugbewegung,Heben / Transport / Fahrzeugbewegung,Regelintervall / Vorfall / neue Abläufe,ArbSchG §12; BetrSichV §12,EHS-PRO-019-V6_innerbetriebliche_Transportarbeiten.pdf,EHS / Produktionsleitung,46.387,46.023,V6,DE,/sites/BAU_PROD_ALL/Shared Documents/02 EHS/Unterweisungsplan/EHS-PRO-019-V6_innerbetriebliche_Transportarbeiten.pdf,Shared Documents,/Shared Documents/02 EHS/Unterweisungsplan,EHS-PRO-019-V6_innerbetriebliche_Transportarbeiten.pdf,pdf,Web,0,0,Unternehmensdokumente.zip,Unterweisungsplan/EHS-PRO-019-V6_innerbetriebliche_Transportarbeiten.pdf,,https://alstomgroup.sharepoint.com/sites/BAU_PROD_ALL/Shared%20Documents/02%20EHS/Unterweisungsplan/EHS-PRO-019-V6_innerbetriebliche_Transportarbeiten.pdf
EHS-PRO-020-V7_Schienenfahrzeugbewegungen,Q2-U1-REF-005,Q2,Sicher arbeiten,2026_Q2_U1,Transport- und Hebevorgänge,EHS-PRO,Live-Nachschlagewerk,EHS-PRO-020-V7_Schienenfahrzeugbewegungen.pdf,1,Freigegeben,50,1,0,1,Logistik / Rohbau / Montage / Kranumfeld,materialflussbezogen,Transport / Kran / Schiebebühne / Fahrzeugbewegung,Heben / Transport / Fahrzeugbewegung,Regelintervall / Vorfall / neue Abläufe,ArbSchG §12; BetrSichV §12,EHS-PRO-020-V7_Schienenfahrzeugbewegungen.pdf,EHS / Produktionsleitung,46.387,46.023,V7,DE,/sites/BAU_PROD_ALL/Shared Documents/02 EHS/Unterweisungsplan/EHS-PRO-020-V7_Schienenfahrzeugbewegungen.pdf,Shared Documents,/Shared Documents/02 EHS/Unterweisungsplan,EHS-PRO-020-V7_Schienenfahrzeugbewegungen.pdf,pdf,Web,0,0,Unternehmensdokumente.zip,Unterweisungsplan/EHS-PRO-020-V7_Schienenfahrzeugbewegungen.pdf,,https://alstomgroup.sharepoint.com/sites/BAU_PROD_ALL/Shared%20Documents/02%20EHS/Unterweisungsplan/EHS-PRO-020-V7_Schienenfahrzeugbewegungen.pdf
EHS-PRO-012-V6_Kontrolle_von_Auftragnehmern,Q2-U2-REF-001,Q2,Sicher arbeiten,2026_Q2_U2,"Maschinen, LOTO & elektrische Sicherheit",EHS-PRO,Live-Nachschlagewerk,EHS-PRO-012-V6_Kontrolle_von_Auftragnehmern.pdf,1,Freigegeben,10,1,0,1,Fertigung / Instandhaltung / Elektrik,arbeitsmittelbezogen,Maschinen / Anlagen / Elektrik,LOTO / Elektrische Sicherheit / Maschinensicherheit,Regelintervall / neue Anlage / Störung / Vorfall,ArbSchG §12; BetrSichV §12,EHS-PRO-012-V6_Kontrolle_von_Auftragnehmern.pdf,EHS / Produktionsleitung,46.387,46.023,V6,DE,/sites/BAU_PROD_ALL/Shared Documents/02 EHS/Unterweisungsplan/EHS-PRO-012-V6_Kontrolle_von_Auftragnehmern.pdf,Shared Documents,/Shared Documents/02 EHS/Unterweisungsplan,EHS-PRO-012-V6_Kontrolle_von_Auftragnehmern.pdf,pdf,Web,0,0,Unternehmensdokumente.zip,Unterweisungsplan/EHS-PRO-012-V6_Kontrolle_von_Auftragnehmern.pdf,,https://alstomgroup.sharepoint.com/sites/BAU_PROD_ALL/Shared%20Documents/02%20EHS/Unterweisungsplan/EHS-PRO-012-V6_Kontrolle_von_Auftragnehmern.pdf
EHS-PRO-013-V6_LOTO,Q2-U2-REF-002,Q2,Sicher arbeiten,2026_Q2_U2,"Maschinen, LOTO & elektrische Sicherheit",EHS-PRO,Live-Nachschlagewerk,EHS-PRO-013-V6_LOTO.pdf,1,Freigegeben,20,1,0,1,Fertigung / Instandhaltung / Elektrik,arbeitsmittelbezogen,Maschinen / Anlagen / Elektrik,LOTO / Elektrische Sicherheit / Maschinensicherheit,Regelintervall / neue Anlage / Störung / Vorfall,ArbSchG §12; BetrSichV §12,EHS-PRO-013-V6_LOTO.pdf,EHS / Produktionsleitung,46.387,46.023,V6,DE,/sites/BAU_PROD_ALL/Shared Documents/02 EHS/Unterweisungsplan/EHS-PRO-013-V6_LOTO.pdf,Shared Documents,/Shared Documents/02 EHS/Unterweisungsplan,EHS-PRO-013-V6_LOTO.pdf,pdf,Web,0,0,Unternehmensdokumente.zip,Unterweisungsplan/EHS-PRO-013-V6_LOTO.pdf,,https://alstomgroup.sharepoint.com/sites/BAU_PROD_ALL/Shared%20Documents/02%20EHS/Unterweisungsplan/EHS-PRO-013-V6_LOTO.pdf
EHS-PRO-014-V6_Elektrische_Sicherheit,Q2-U2-REF-003,Q2,Sicher arbeiten,2026_Q2_U2,"Maschinen, LOTO & elektrische Sicherheit",EHS-PRO,Live-Nachschlagewerk,EHS-PRO-014-V6_Elektrische_Sicherheit.pdf,1,Freigegeben,30,1,0,1,Fertigung / Instandhaltung / Elektrik,arbeitsmittelbezogen,Maschinen / Anlagen / Elektrik,LOTO / Elektrische Sicherheit / Maschinensicherheit,Regelintervall / neue Anlage / Störung / Vorfall,ArbSchG §12; BetrSichV §12,EHS-PRO-014-V6_Elektrische_Sicherheit.pdf,EHS / Produktionsleitung,46.387,46.023,V6,DE,/sites/BAU_PROD_ALL/Shared Documents/02 EHS/Unterweisungsplan/EHS-PRO-014-V6_Elektrische_Sicherheit.pdf,Shared Documents,/Shared Documents/02 EHS/Unterweisungsplan,EHS-PRO-014-V6_Elektrische_Sicherheit.pdf,pdf,Web,0,0,Unternehmensdokumente.zip,Unterweisungsplan/EHS-PRO-014-V6_Elektrische_Sicherheit.pdf,,https://alstomgroup.sharepoint.com/sites/BAU_PROD_ALL/Shared%20Documents/02%20EHS/Unterweisungsplan/EHS-PRO-014-V6_Elektrische_Sicherheit.pdf
Alstom__Elektrische_Sicherheit.mp4,Q2-U2-VID-009,Q2,Sicher arbeiten,2026_Q2_U2,"Maschinen, LOTO & elektrische Sicherheit",Video,Training Video,Video – Elektrische Sicherheit,1,Freigegeben,30,0,1,1,Fertigung gesamt,werkweit,arbeitsplatzbezogen,"Maschinen, LOTO & elektrische Sicherheit",regelmäßig,,,EHS / Fertigung,,,V01,de,/sites/BAU_PROD_ALL/Shared Documents/02 EHS/Unterweisungsplan/Videos/Alstom__Elektrische_Sicherheit.mp4,Dokumente,/Shared Documents/02 EHS/Unterweisungsplan/Videos,Alstom__Elektrische_Sicherheit.mp4,mp4,Web,0,,SharePoint Videos,,0,https://alstomgroup.sharepoint.com/sites/BAU_PROD_ALL/Shared%20Documents/02%20EHS/Unterweisungsplan/Videos/Alstom__Elektrische_Sicherheit.mp4
EHS-PRO-015-V6_Maschinensicherheit,Q2-U2-REF-004,Q2,Sicher arbeiten,2026_Q2_U2,"Maschinen, LOTO & elektrische Sicherheit",EHS-PRO,Live-Nachschlagewerk,EHS-PRO-015-V6_Maschinensicherheit.pdf,1,Freigegeben,40,1,0,1,Fertigung / Instandhaltung / Elektrik,arbeitsmittelbezogen,Maschinen / Anlagen / Elektrik,LOTO / Elektrische Sicherheit / Maschinensicherheit,Regelintervall / neue Anlage / Störung / Vorfall,ArbSchG §12; BetrSichV §12,EHS-PRO-015-V6_Maschinensicherheit.pdf,EHS / Produktionsleitung,46.387,46.023,V6,DE,/sites/BAU_PROD_ALL/Shared Documents/02 EHS/Unterweisungsplan/EHS-PRO-015-V6_Maschinensicherheit.pdf,Shared Documents,/Shared Documents/02 EHS/Unterweisungsplan,EHS-PRO-015-V6_Maschinensicherheit.pdf,pdf,Web,0,0,Unternehmensdokumente.zip,Unterweisungsplan/EHS-PRO-015-V6_Maschinensicherheit.pdf,,https://alstomgroup.sharepoint.com/sites/BAU_PROD_ALL/Shared%20Documents/02%20EHS/Unterweisungsplan/EHS-PRO-015-V6_Maschinensicherheit.pdf
EHS_Standard_08_Einsatz von Messern,Q2-U2-REF-005,Q2,Sicher arbeiten,2026_Q2_U2,"Maschinen, LOTO & elektrische Sicherheit",Standard,Live-Nachschlagewerk,EHS_Standard_08_Einsatz von Messern.pdf,1,Freigegeben,50,1,0,1,Fertigung / Instandhaltung / Elektrik,arbeitsmittelbezogen,Maschinen / Anlagen / Elektrik,LOTO / Elektrische Sicherheit / Maschinensicherheit,Regelintervall / neue Anlage / Störung / Vorfall,ArbSchG §12; BetrSichV §12,EHS_Standard_08_Einsatz von Messern.pdf,EHS / Produktionsleitung,46.387,46.023,,DE,/sites/BAU_PROD_ALL/Shared Documents/02 EHS/Unterweisungsplan/EHS_Standard_08_Einsatz von Messern.pdf,Shared Documents,/Shared Documents/02 EHS/Unterweisungsplan,EHS_Standard_08_Einsatz von Messern.pdf,pdf,Web,0,0,Unternehmensdokumente.zip,Unterweisungsplan/EHS_Standard_08_Einsatz von Messern.pdf,,https://alstomgroup.sharepoint.com/sites/BAU_PROD_ALL/Shared%20Documents/02%20EHS/Unterweisungsplan/EHS_Standard_08_Einsatz%20von%20Messern.pdf
05-2025 Monatsthema Biodiversität,Q3-U1-REF-001,Q3,Sicher handeln,2026_Q3_U1,Gefahrstoffe & Umwelt,Monatsthema,Live-Nachschlagewerk,05-2025 Monatsthema Biodiversität.pdf,1,Freigegeben,10,1,0,1,Finish / Kleben / Lack / Reinigung / angrenzende Bereiche,stoffbezogen,Gefahrstoffe / Umwelt / Entsorgung,Gefahrstoffe / Umweltschutz,Regelintervall / neuer Stoff / neues SDB / Vorfall,GefStoffV §14; ArbSchG §12,05-2025 Monatsthema Biodiversität.pdf,EHS / Produktionsleitung,46.387,46.023,,DE,/sites/BAU_PROD_ALL/Shared Documents/02 EHS/Unterweisungsplan/05-2025 Monatsthema Biodiversität.pdf,Shared Documents,/Shared Documents/02 EHS/Unterweisungsplan,05-2025 Monatsthema Biodiversität.pdf,pdf,Web,0,0,Unternehmensdokumente.zip,Unterweisungsplan/05-2025 Monatsthema Biodiversität.pdf,,https://alstomgroup.sharepoint.com/sites/BAU_PROD_ALL/Shared%20Documents/02%20EHS/Unterweisungsplan/05-2025%20Monatsthema%20Biodiversit%C3%A4t.pdf
08-2025 Monatsthema-Gefahrstoffe,Q3-U1-REF-002,Q3,Sicher handeln,2026_Q3_U1,Gefahrstoffe & Umwelt,Monatsthema,Live-Nachschlagewerk,08-2025 Monatsthema-Gefahrstoffe.pdf,1,Freigegeben,20,1,0,1,Finish / Kleben / Lack / Reinigung / angrenzende Bereiche,stoffbezogen,Gefahrstoffe / Umwelt / Entsorgung,Gefahrstoffe / Umweltschutz,Regelintervall / neuer Stoff / neues SDB / Vorfall,GefStoffV §14; ArbSchG §12,08-2025 Monatsthema-Gefahrstoffe.pdf,EHS / Produktionsleitung,46.387,46.023,,DE,/sites/BAU_PROD_ALL/Shared Documents/02 EHS/Unterweisungsplan/08-2025 Monatsthema-Gefahrstoffe.pdf,Shared Documents,/Shared Documents/02 EHS/Unterweisungsplan,08-2025 Monatsthema-Gefahrstoffe.pdf,pdf,Web,0,0,Unternehmensdokumente.zip,Unterweisungsplan/08-2025 Monatsthema-Gefahrstoffe.pdf,,https://alstomgroup.sharepoint.com/sites/BAU_PROD_ALL/Shared%20Documents/02%20EHS/Unterweisungsplan/08-2025%20Monatsthema-Gefahrstoffe.pdf
11-2025 Monatsthema Umweltschutz,Q3-U1-REF-003,Q3,Sicher handeln,2026_Q3_U1,Gefahrstoffe & Umwelt,Monatsthema,Live-Nachschlagewerk,11-2025 Monatsthema Umweltschutz.pdf,1,Freigegeben,30,1,0,1,Finish / Kleben / Lack / Reinigung / angrenzende Bereiche,stoffbezogen,Gefahrstoffe / Umwelt / Entsorgung,Gefahrstoffe / Umweltschutz,Regelintervall / neuer Stoff / neues SDB / Vorfall,GefStoffV §14; ArbSchG §12,11-2025 Monatsthema Umweltschutz.pdf,EHS / Produktionsleitung,46.387,46.023,,DE,/sites/BAU_PROD_ALL/Shared Documents/02 EHS/Unterweisungsplan/11-2025 Monatsthema Umweltschutz.pdf,Shared Documents,/Shared Documents/02 EHS/Unterweisungsplan,11-2025 Monatsthema Umweltschutz.pdf,pdf,Web,0,0,Unternehmensdokumente.zip,Unterweisungsplan/11-2025 Monatsthema Umweltschutz.pdf,,https://alstomgroup.sharepoint.com/sites/BAU_PROD_ALL/Shared%20Documents/02%20EHS/Unterweisungsplan/11-2025%20Monatsthema%20Umweltschutz.pdf
Der_richtige_Umgang_mit_Gefahrstoffen.mp4,Q3-U1-VID-005,Q3,Sicher handeln,2026_Q3_U1,Gefahrstoffe & Umwelt,Video,Training Video,Video – Umgang mit Gefahrstoffen,1,Freigegeben,30,0,1,1,Fertigung gesamt,werkweit,arbeitsplatzbezogen,Gefahrstoffe & Umwelt,regelmäßig,,,EHS / Fertigung,,,V01,de,/sites/BAU_PROD_ALL/Shared Documents/02 EHS/Unterweisungsplan/Videos/Der_richtige_Umgang_mit_Gefahrstoffen.mp4,Dokumente,/Shared Documents/02 EHS/Unterweisungsplan/Videos,Der_richtige_Umgang_mit_Gefahrstoffen.mp4,mp4,Web,0,,SharePoint Videos,,0,https://alstomgroup.sharepoint.com/sites/BAU_PROD_ALL/Shared%20Documents/02%20EHS/Unterweisungsplan/Videos/Der_richtige_Umgang_mit_Gefahrstoffen.mp4
Betriebsstoffe ohne H,Q3-U1-REF-004,Q3,Sicher handeln,2026_Q3_U1,Gefahrstoffe & Umwelt,Referenzdokument,Live-Nachschlagewerk,Betriebsstoffe ohne H.pdf,1,Freigegeben,40,0,0,1,Finish / Kleben / Lack / Reinigung / angrenzende Bereiche,stoffbezogen,Gefahrstoffe / Umwelt / Entsorgung,Gefahrstoffe / Umweltschutz,Regelintervall / neuer Stoff / neues SDB / Vorfall,GefStoffV §14; ArbSchG §12,Betriebsstoffe ohne H.pdf,EHS / Produktionsleitung,46.387,46.023,,DE,/sites/BAU_PROD_ALL/Shared Documents/02 EHS/Unterweisungsplan/Betriebsstoffe ohne H.pdf,Shared Documents,/Shared Documents/02 EHS/Unterweisungsplan,Betriebsstoffe ohne H.pdf,pdf,Web,0,0,Unternehmensdokumente.zip,Unterweisungsplan/Betriebsstoffe ohne H.pdf,,https://alstomgroup.sharepoint.com/sites/BAU_PROD_ALL/Shared%20Documents/02%20EHS/Unterweisungsplan/Betriebsstoffe%20ohne%20H.pdf
EHS-BAU-WMS-008_V1_ Gefährdungsbeurteilungen,Q3-U1-REF-005,Q3,Sicher handeln,2026_Q3_U1,Gefahrstoffe & Umwelt,Gefährdungsbeurteilung,Live-Nachschlagewerk,EHS-BAU-WMS-008_V1_ Gefährdungsbeurteilungen.docx,1,Freigegeben,50,1,0,1,Finish / Kleben / Lack / Reinigung / angrenzende Bereiche,stoffbezogen,Gefahrstoffe / Umwelt / Entsorgung,Gefahrstoffe / Umweltschutz,Regelintervall / neuer Stoff / neues SDB / Vorfall,GefStoffV §14; ArbSchG §12,EHS-BAU-WMS-008_V1_ Gefährdungsbeurteilungen.docx,EHS / Produktionsleitung,46.387,46.023,V1,DE,/sites/BAU_PROD_ALL/Shared Documents/02 EHS/Unterweisungsplan/Weitere/EHS-BAU-WMS-008_V1_ Gefährdungsbeurteilungen.docx,Shared Documents,/Shared Documents/02 EHS/Unterweisungsplan/Weitere,EHS-BAU-WMS-008_V1_ Gefährdungsbeurteilungen.docx,docx,Web,0,0,Weitere.zip,EHS-BAU-WMS-008_V1_ Gefährdungsbeurteilungen.docx,Pfad in SharePoint angenommen: /Shared Documents/02 EHS/Unterweisungsplan/Weitere/,https://alstomgroup.sharepoint.com/sites/BAU_PROD_ALL/Shared%20Documents/02%20EHS/Unterweisungsplan/Weitere/EHS-BAU-WMS-008_V1_%20Gef%C3%A4hrdungsbeurteilungen.docx
EHS-PRO-036-V4_Gefahrstoffmanagement,Q3-U1-REF-006,Q3,Sicher handeln,2026_Q3_U1,Gefahrstoffe & Umwelt,EHS-PRO,Live-Nachschlagewerk,EHS-PRO-036-V4_Gefahrstoffmanagement.pdf,1,Freigegeben,60,1,0,1,Finish / Kleben / Lack / Reinigung / angrenzende Bereiche,stoffbezogen,Gefahrstoffe / Umwelt / Entsorgung,Gefahrstoffe / Umweltschutz,Regelintervall / neuer Stoff / neues SDB / Vorfall,GefStoffV §14; ArbSchG §12,EHS-PRO-036-V4_Gefahrstoffmanagement.pdf,EHS / Produktionsleitung,46.387,46.023,V4,DE,/sites/BAU_PROD_ALL/Shared Documents/02 EHS/Unterweisungsplan/EHS-PRO-036-V4_Gefahrstoffmanagement.pdf,Shared Documents,/Shared Documents/02 EHS/Unterweisungsplan,EHS-PRO-036-V4_Gefahrstoffmanagement.pdf,pdf,Web,0,0,Unternehmensdokumente.zip,Unterweisungsplan/EHS-PRO-036-V4_Gefahrstoffmanagement.pdf,,https://alstomgroup.sharepoint.com/sites/BAU_PROD_ALL/Shared%20Documents/02%20EHS/Unterweisungsplan/EHS-PRO-036-V4_Gefahrstoffmanagement.pdf
Gefährdungsbeurteilung - Gebäude 110 - PoB - 2024,Q3-U1-REF-007,Q3,Sicher handeln,2026_Q3_U1,Gefahrstoffe & Umwelt,Gefährdungsbeurteilung,Live-Nachschlagewerk,Gefährdungsbeurteilung - Gebäude 110 - PoB - 2024.pdf,1,Freigegeben,70,1,0,1,Finish / Kleben / Lack / Reinigung / angrenzende Bereiche,stoffbezogen,Gefahrstoffe / Umwelt / Entsorgung,Gefahrstoffe / Umweltschutz,Regelintervall / neuer Stoff / neues SDB / Vorfall,GefStoffV §14; ArbSchG §12,Gefährdungsbeurteilung - Gebäude 110 - PoB - 2024.pdf,EHS / Produktionsleitung,46.387,46.023,,DE,/sites/BAU_PROD_ALL/Shared Documents/02 EHS/Unterweisungsplan/Weitere/Gefährdungsbeurteilung - Gebäude 110 - PoB - 2024.pdf,Shared Documents,/Shared Documents/02 EHS/Unterweisungsplan/Weitere,Gefährdungsbeurteilung - Gebäude 110 - PoB - 2024.pdf,pdf,Web,0,0,Weitere.zip,Gefährdungsbeurteilung - Gebäude 110 - PoB - 2024.pdf,Pfad in SharePoint angenommen: /Shared Documents/02 EHS/Unterweisungsplan/Weitere/,https://alstomgroup.sharepoint.com/sites/BAU_PROD_ALL/Shared%20Documents/02%20EHS/Unterweisungsplan/Weitere/Gef%C3%A4hrdungsbeurteilung%20-%20Geb%C3%A4ude%20110%20-%20PoB%20-%202024.pdf
Gefährdungsbeurteilung - Gebäude 76 (O-Halle) - Vorserie - 2024,Q3-U1-REF-008,Q3,Sicher handeln,2026_Q3_U1,Gefahrstoffe & Umwelt,Gefährdungsbeurteilung,Live-Nachschlagewerk,Gefährdungsbeurteilung - Gebäude 76 (O-Halle) - Vorserie - 2024.pdf,1,Freigegeben,80,1,0,1,Finish / Kleben / Lack / Reinigung / angrenzende Bereiche,stoffbezogen,Gefahrstoffe / Umwelt / Entsorgung,Gefahrstoffe / Umweltschutz,Regelintervall / neuer Stoff / neues SDB / Vorfall,GefStoffV §14; ArbSchG §12,Gefährdungsbeurteilung - Gebäude 76 (O-Halle) - Vorserie - 2024.pdf,EHS / Produktionsleitung,46.387,46.023,,DE,/sites/BAU_PROD_ALL/Shared Documents/02 EHS/Unterweisungsplan/Weitere/Gefährdungsbeurteilung - Gebäude 76 (O-Halle) - Vorserie - 2024.pdf,Shared Documents,/Shared Documents/02 EHS/Unterweisungsplan/Weitere,Gefährdungsbeurteilung - Gebäude 76 (O-Halle) - Vorserie - 2024.pdf,pdf,Web,0,0,Weitere.zip,Gefährdungsbeurteilung - Gebäude 76 (O-Halle) - Vorserie - 2024.pdf,Pfad in SharePoint angenommen: /Shared Documents/02 EHS/Unterweisungsplan/Weitere/,https://alstomgroup.sharepoint.com/sites/BAU_PROD_ALL/Shared%20Documents/02%20EHS/Unterweisungsplan/Weitere/Gef%C3%A4hrdungsbeurteilung%20-%20Geb%C3%A4ude%2076%20%28O-Halle%29%20-%20Vorserie%20-%202024.pdf
Gefährdungsbeurteilung - Gebäude 76 (Q-Halle) + Geb15 (O-Halle) - WS1-WS5 - 2024,Q3-U1-REF-009,Q3,Sicher handeln,2026_Q3_U1,Gefahrstoffe & Umwelt,Gefährdungsbeurteilung,Live-Nachschlagewerk,Gefährdungsbeurteilung - Gebäude 76 (Q-Halle) + Geb15 (O-Halle) - WS1-WS5 - 2024.pdf,1,Freigegeben,90,1,0,1,Finish / Kleben / Lack / Reinigung / angrenzende Bereiche,stoffbezogen,Gefahrstoffe / Umwelt / Entsorgung,Gefahrstoffe / Umweltschutz,Regelintervall / neuer Stoff / neues SDB / Vorfall,GefStoffV §14; ArbSchG §12,Gefährdungsbeurteilung - Gebäude 76 (Q-Halle) + Geb15 (O-Halle) - WS1-WS5 - 2024.pdf,EHS / Produktionsleitung,46.387,46.023,,DE,/sites/BAU_PROD_ALL/Shared Documents/02 EHS/Unterweisungsplan/Weitere/Gefährdungsbeurteilung - Gebäude 76 (Q-Halle) + Geb15 (O-Halle) - WS1-WS5 - 2024.pdf,Shared Documents,/Shared Documents/02 EHS/Unterweisungsplan/Weitere,Gefährdungsbeurteilung - Gebäude 76 (Q-Halle) + Geb15 (O-Halle) - WS1-WS5 - 2024.pdf,pdf,Web,0,0,Weitere.zip,Gefährdungsbeurteilung - Gebäude 76 (Q-Halle) + Geb15 (O-Halle) - WS1-WS5 - 2024.pdf,Pfad in SharePoint angenommen: /Shared Documents/02 EHS/Unterweisungsplan/Weitere/,https://alstomgroup.sharepoint.com/sites/BAU_PROD_ALL/Shared%20Documents/02%20EHS/Unterweisungsplan/Weitere/Gef%C3%A4hrdungsbeurteilung%20-%20Geb%C3%A4ude%2076%20%28Q-Halle%29%20%2B%20Geb15%20%28O-Halle%29%20-%20WS1-WS5%20-%202024.pdf
Gefährdungsbeurteilung - Gebäude 76 (Q-Halle) - Büroräume_Pausenraum - 2024,Q3-U1-REF-010,Q3,Sicher handeln,2026_Q3_U1,Gefahrstoffe & Umwelt,Gefährdungsbeurteilung,Live-Nachschlagewerk,Gefährdungsbeurteilung - Gebäude 76 (Q-Halle) - Büroräume_Pausenraum - 2024.pdf,1,Freigegeben,100,1,0,1,Finish / Kleben / Lack / Reinigung / angrenzende Bereiche,stoffbezogen,Gefahrstoffe / Umwelt / Entsorgung,Gefahrstoffe / Umweltschutz,Regelintervall / neuer Stoff / neues SDB / Vorfall,GefStoffV §14; ArbSchG §12,Gefährdungsbeurteilung - Gebäude 76 (Q-Halle) - Büroräume_Pausenraum - 2024.pdf,EHS / Produktionsleitung,46.387,46.023,,DE,/sites/BAU_PROD_ALL/Shared Documents/02 EHS/Unterweisungsplan/Weitere/Gefährdungsbeurteilung - Gebäude 76 (Q-Halle) - Büroräume_Pausenraum - 2024.pdf,Shared Documents,/Shared Documents/02 EHS/Unterweisungsplan/Weitere,Gefährdungsbeurteilung - Gebäude 76 (Q-Halle) - Büroräume_Pausenraum - 2024.pdf,pdf,Web,0,0,Weitere.zip,Gefährdungsbeurteilung - Gebäude 76 (Q-Halle) - Büroräume_Pausenraum - 2024.pdf,Pfad in SharePoint angenommen: /Shared Documents/02 EHS/Unterweisungsplan/Weitere/,https://alstomgroup.sharepoint.com/sites/BAU_PROD_ALL/Shared%20Documents/02%20EHS/Unterweisungsplan/Weitere/Gef%C3%A4hrdungsbeurteilung%20-%20Geb%C3%A4ude%2076%20%28Q-Halle%29%20-%20B%C3%BCror%C3%A4ume_Pausenraum%20-%202024.pdf
Gefährdungsbeurteilung_Finisharbeiten_24-10-2023,Q3-U1-REF-011,Q3,Sicher handeln,2026_Q3_U1,Gefahrstoffe & Umwelt,Gefährdungsbeurteilung,Live-Nachschlagewerk,Gefährdungsbeurteilung_Finisharbeiten_24-10-2023.docx,1,Freigegeben,110,1,0,1,Finish / Kleben / Lack / Reinigung / angrenzende Bereiche,stoffbezogen,Gefahrstoffe / Umwelt / Entsorgung,Gefahrstoffe / Umweltschutz,Regelintervall / neuer Stoff / neues SDB / Vorfall,GefStoffV §14; ArbSchG §12,Gefährdungsbeurteilung_Finisharbeiten_24-10-2023.docx,EHS / Produktionsleitung,46.387,46.023,,DE,/sites/BAU_PROD_ALL/Shared Documents/02 EHS/Unterweisungsplan/Weitere/Gefährdungsbeurteilung_Finisharbeiten_24-10-2023.docx,Shared Documents,/Shared Documents/02 EHS/Unterweisungsplan/Weitere,Gefährdungsbeurteilung_Finisharbeiten_24-10-2023.docx,docx,Web,0,0,Weitere.zip,Gefährdungsbeurteilung_Finisharbeiten_24-10-2023.docx,Pfad in SharePoint angenommen: /Shared Documents/02 EHS/Unterweisungsplan/Weitere/,https://alstomgroup.sharepoint.com/sites/BAU_PROD_ALL/Shared%20Documents/02%20EHS/Unterweisungsplan/Weitere/Gef%C3%A4hrdungsbeurteilung_Finisharbeiten_24-10-2023.docx
Gefährdungsbeurteilung_Rohbau_2026,Q3-U1-REF-012,Q3,Sicher handeln,2026_Q3_U1,Gefahrstoffe & Umwelt,Gefährdungsbeurteilung,Live-Nachschlagewerk,Gefährdungsbeurteilung_Rohbau_2026.pdf,1,Freigegeben,120,1,0,1,Finish / Kleben / Lack / Reinigung / angrenzende Bereiche,stoffbezogen,Gefahrstoffe / Umwelt / Entsorgung,Gefahrstoffe / Umweltschutz,Regelintervall / neuer Stoff / neues SDB / Vorfall,GefStoffV §14; ArbSchG §12,Gefährdungsbeurteilung_Rohbau_2026.pdf,EHS / Produktionsleitung,46.387,46.023,,DE,/sites/BAU_PROD_ALL/Shared Documents/02 EHS/Unterweisungsplan/Weitere/Gefährdungsbeurteilung_Rohbau_2026.pdf,Shared Documents,/Shared Documents/02 EHS/Unterweisungsplan/Weitere,Gefährdungsbeurteilung_Rohbau_2026.pdf,pdf,Web,0,0,Weitere.zip,Gefährdungsbeurteilung_Rohbau_2026.pdf,Pfad in SharePoint angenommen: /Shared Documents/02 EHS/Unterweisungsplan/Weitere/,https://alstomgroup.sharepoint.com/sites/BAU_PROD_ALL/Shared%20Documents/02%20EHS/Unterweisungsplan/Weitere/Gef%C3%A4hrdungsbeurteilung_Rohbau_2026.pdf
10-2025 Monatsthema-PSA-Direktive,Q3-U2-REF-001,Q3,Sicher handeln,2026_Q3_U2,PSA Basics & Handschutz,Monatsthema,Live-Nachschlagewerk,10-2025 Monatsthema-PSA-Direktive.pdf,1,Freigegeben,10,1,0,1,Fertigung gesamt,personenbezogen,PSA-Anwendung,PSA / Handschutz / Atemschutz / Gehörschutz,Regelintervall / neue Tätigkeit / Vorfall,ArbSchG §12; DGUV Vorschrift 1 §4,10-2025 Monatsthema-PSA-Direktive.pdf,EHS / Produktionsleitung,46.387,46.023,,DE,/sites/BAU_PROD_ALL/Shared Documents/02 EHS/Unterweisungsplan/10-2025 Monatsthema-PSA-Direktive.pdf,Shared Documents,/Shared Documents/02 EHS/Unterweisungsplan,10-2025 Monatsthema-PSA-Direktive.pdf,pdf,Web,0,0,Unternehmensdokumente.zip,Unterweisungsplan/10-2025 Monatsthema-PSA-Direktive.pdf,,https://alstomgroup.sharepoint.com/sites/BAU_PROD_ALL/Shared%20Documents/02%20EHS/Unterweisungsplan/10-2025%20Monatsthema-PSA-Direktive.pdf
12-2025_Monatsthema-Handschutz,Q3-U2-REF-002,Q3,Sicher handeln,2026_Q3_U2,PSA Basics & Handschutz,Monatsthema,Live-Nachschlagewerk,12-2025_Monatsthema-Handschutz.pdf,1,Freigegeben,20,1,0,1,Fertigung gesamt,personenbezogen,PSA-Anwendung,PSA / Handschutz / Atemschutz / Gehörschutz,Regelintervall / neue Tätigkeit / Vorfall,ArbSchG §12; DGUV Vorschrift 1 §4,12-2025_Monatsthema-Handschutz.pdf,EHS / Produktionsleitung,46.387,46.023,,DE,/sites/BAU_PROD_ALL/Shared Documents/02 EHS/Unterweisungsplan/12-2025_Monatsthema-Handschutz.pdf,Shared Documents,/Shared Documents/02 EHS/Unterweisungsplan,12-2025_Monatsthema-Handschutz.pdf,pdf,Web,0,0,Unternehmensdokumente.zip,Unterweisungsplan/12-2025_Monatsthema-Handschutz.pdf,,https://alstomgroup.sharepoint.com/sites/BAU_PROD_ALL/Shared%20Documents/02%20EHS/Unterweisungsplan/12-2025_Monatsthema-Handschutz.pdf
Betriebsanweisung - Gehörschutzstöpsel,Q3-U2-REF-003,Q3,Sicher handeln,2026_Q3_U2,PSA Basics & Handschutz,Betriebsanweisung,Live-Nachschlagewerk,Betriebsanweisung - Gehörschutzstöpsel.pdf,1,Freigegeben,30,1,0,1,Fertigung gesamt,personenbezogen,PSA-Anwendung,PSA / Handschutz / Atemschutz / Gehörschutz,Regelintervall / neue Tätigkeit / Vorfall,ArbSchG §12; DGUV Vorschrift 1 §4,Betriebsanweisung - Gehörschutzstöpsel.pdf,EHS / Produktionsleitung,46.387,46.023,,DE,/sites/BAU_PROD_ALL/Shared Documents/02 EHS/Unterweisungsplan/Betriebsanweisung - Gehörschutzstöpsel.pdf,Shared Documents,/Shared Documents/02 EHS/Unterweisungsplan,Betriebsanweisung - Gehörschutzstöpsel.pdf,pdf,Web,0,0,Unternehmensdokumente.zip,Unterweisungsplan/Betriebsanweisung - Gehörschutzstöpsel.pdf,,https://alstomgroup.sharepoint.com/sites/BAU_PROD_ALL/Shared%20Documents/02%20EHS/Unterweisungsplan/Betriebsanweisung%20-%20Geh%C3%B6rschutzst%C3%B6psel.pdf
Ihr_täglicher_PSA-Check.mp4,Q3-U2-VID-001,Q3,Sicher handeln,2026_Q3_U2,PSA Basics & Handschutz,Video,Training Video,Video – Ihr täglicher PSA-Check,1,Freigegeben,30,0,1,1,Fertigung gesamt,werkweit,arbeitsplatzbezogen,PSA Basics & Handschutz,regelmäßig,,,EHS / Fertigung,,,V01,de,/sites/BAU_PROD_ALL/Shared Documents/02 EHS/Unterweisungsplan/Videos/Ihr_täglicher_PSA-Check.mp4,Dokumente,/Shared Documents/02 EHS/Unterweisungsplan/Videos,Ihr_täglicher_PSA-Check.mp4,mp4,Web,0,,SharePoint Videos,,0,https://alstomgroup.sharepoint.com/sites/BAU_PROD_ALL/Shared%20Documents/02%20EHS/Unterweisungsplan/Videos/Ihr_täglicher_PSA-Check.mp4
Schutz_am_Arbeitsplatz.mp4,Q3-U2-VID-007,Q3,Sicher handeln,2026_Q3_U2,PSA Basics & Handschutz,Video,Training Video,Video – Schutz am Arbeitsplatz,1,Freigegeben,30,0,1,1,Fertigung gesamt,werkweit,arbeitsplatzbezogen,PSA Basics & Handschutz,regelmäßig,,,EHS / Fertigung,,,V01,de,/sites/BAU_PROD_ALL/Shared Documents/02 EHS/Unterweisungsplan/Videos/Schutz_am_Arbeitsplatz.mp4,Dokumente,/Shared Documents/02 EHS/Unterweisungsplan/Videos,Schutz_am_Arbeitsplatz.mp4,mp4,Web,0,,SharePoint Videos,,0,https://alstomgroup.sharepoint.com/sites/BAU_PROD_ALL/Shared%20Documents/02%20EHS/Unterweisungsplan/Videos/Schutz_am_Arbeitsplatz.mp4
Betriebsanweisung - Kopfschutz,Q3-U2-REF-004,Q3,Sicher handeln,2026_Q3_U2,PSA Basics & Handschutz,Betriebsanweisung,Live-Nachschlagewerk,Betriebsanweisung - Kopfschutz.pdf,1,Freigegeben,40,1,0,1,Fertigung gesamt,personenbezogen,PSA-Anwendung,PSA / Handschutz / Atemschutz / Gehörschutz,Regelintervall / neue Tätigkeit / Vorfall,ArbSchG §12; DGUV Vorschrift 1 §4,Betriebsanweisung - Kopfschutz.pdf,EHS / Produktionsleitung,46.387,46.023,,DE,/sites/BAU_PROD_ALL/Shared Documents/02 EHS/Unterweisungsplan/Betriebsanweisung - Kopfschutz.pdf,Shared Documents,/Shared Documents/02 EHS/Unterweisungsplan,Betriebsanweisung - Kopfschutz.pdf,pdf,Web,0,0,Unternehmensdokumente.zip,Unterweisungsplan/Betriebsanweisung - Kopfschutz.pdf,,https://alstomgroup.sharepoint.com/sites/BAU_PROD_ALL/Shared%20Documents/02%20EHS/Unterweisungsplan/Betriebsanweisung%20-%20Kopfschutz.pdf
Betriebsanweisung - Mund-Nase-Bedeckung,Q3-U2-REF-005,Q3,Sicher handeln,2026_Q3_U2,PSA Basics & Handschutz,Betriebsanweisung,Live-Nachschlagewerk,Betriebsanweisung - Mund-Nase-Bedeckung.pdf,1,Freigegeben,50,1,0,1,Fertigung gesamt,personenbezogen,PSA-Anwendung,PSA / Handschutz / Atemschutz / Gehörschutz,Regelintervall / neue Tätigkeit / Vorfall,ArbSchG §12; DGUV Vorschrift 1 §4,Betriebsanweisung - Mund-Nase-Bedeckung.pdf,EHS / Produktionsleitung,46.387,46.023,,DE,/sites/BAU_PROD_ALL/Shared Documents/02 EHS/Unterweisungsplan/Betriebsanweisung - Mund-Nase-Bedeckung.pdf,Shared Documents,/Shared Documents/02 EHS/Unterweisungsplan,Betriebsanweisung - Mund-Nase-Bedeckung.pdf,pdf,Web,0,0,Unternehmensdokumente.zip,Unterweisungsplan/Betriebsanweisung - Mund-Nase-Bedeckung.pdf,,https://alstomgroup.sharepoint.com/sites/BAU_PROD_ALL/Shared%20Documents/02%20EHS/Unterweisungsplan/Betriebsanweisung%20-%20Mund-Nase-Bedeckung.pdf
Betriebsanweisung - Partikelfiltrierende Halbmaske,Q3-U2-REF-006,Q3,Sicher handeln,2026_Q3_U2,PSA Basics & Handschutz,Betriebsanweisung,Live-Nachschlagewerk,Betriebsanweisung - Partikelfiltrierende Halbmaske.pdf,1,Freigegeben,60,1,0,1,Fertigung gesamt,personenbezogen,PSA-Anwendung,PSA / Handschutz / Atemschutz / Gehörschutz,Regelintervall / neue Tätigkeit / Vorfall,ArbSchG §12; DGUV Vorschrift 1 §4,Betriebsanweisung - Partikelfiltrierende Halbmaske.pdf,EHS / Produktionsleitung,46.387,46.023,,DE,/sites/BAU_PROD_ALL/Shared Documents/02 EHS/Unterweisungsplan/Betriebsanweisung - Partikelfiltrierende Halbmaske.pdf,Shared Documents,/Shared Documents/02 EHS/Unterweisungsplan,Betriebsanweisung - Partikelfiltrierende Halbmaske.pdf,pdf,Web,0,0,Unternehmensdokumente.zip,Unterweisungsplan/Betriebsanweisung - Partikelfiltrierende Halbmaske.pdf,,https://alstomgroup.sharepoint.com/sites/BAU_PROD_ALL/Shared%20Documents/02%20EHS/Unterweisungsplan/Betriebsanweisung%20-%20Partikelfiltrierende%20Halbmaske.pdf
Betriebsanweisung - Speedglashelm inkl. Adflo,Q3-U2-REF-007,Q3,Sicher handeln,2026_Q3_U2,PSA Basics & Handschutz,Betriebsanweisung,Live-Nachschlagewerk,Betriebsanweisung - Speedglashelm inkl. Adflo.pdf,1,Freigegeben,70,1,0,1,Fertigung gesamt,personenbezogen,PSA-Anwendung,PSA / Handschutz / Atemschutz / Gehörschutz,Regelintervall / neue Tätigkeit / Vorfall,ArbSchG §12; DGUV Vorschrift 1 §4,Betriebsanweisung - Speedglashelm inkl. Adflo.pdf,EHS / Produktionsleitung,46.387,46.023,,DE,/sites/BAU_PROD_ALL/Shared Documents/02 EHS/Unterweisungsplan/Betriebsanweisung - Speedglashelm inkl. Adflo.pdf,Shared Documents,/Shared Documents/02 EHS/Unterweisungsplan,Betriebsanweisung - Speedglashelm inkl. Adflo.pdf,pdf,Web,0,0,Unternehmensdokumente.zip,Unterweisungsplan/Betriebsanweisung - Speedglashelm inkl. Adflo.pdf,,https://alstomgroup.sharepoint.com/sites/BAU_PROD_ALL/Shared%20Documents/02%20EHS/Unterweisungsplan/Betriebsanweisung%20-%20Speedglashelm%20inkl.%20Adflo.pdf
Betriebsanweisung - Strahlschutzhaube,Q3-U2-REF-008,Q3,Sicher handeln,2026_Q3_U2,PSA Basics & Handschutz,Betriebsanweisung,Live-Nachschlagewerk,Betriebsanweisung - Strahlschutzhaube.pdf,1,Freigegeben,80,1,0,1,Fertigung gesamt,personenbezogen,PSA-Anwendung,PSA / Handschutz / Atemschutz / Gehörschutz,Regelintervall / neue Tätigkeit / Vorfall,ArbSchG §12; DGUV Vorschrift 1 §4,Betriebsanweisung - Strahlschutzhaube.pdf,EHS / Produktionsleitung,46.387,46.023,,DE,/sites/BAU_PROD_ALL/Shared Documents/02 EHS/Unterweisungsplan/Betriebsanweisung - Strahlschutzhaube.pdf,Shared Documents,/Shared Documents/02 EHS/Unterweisungsplan,Betriebsanweisung - Strahlschutzhaube.pdf,pdf,Web,0,0,Unternehmensdokumente.zip,Unterweisungsplan/Betriebsanweisung - Strahlschutzhaube.pdf,,https://alstomgroup.sharepoint.com/sites/BAU_PROD_ALL/Shared%20Documents/02%20EHS/Unterweisungsplan/Betriebsanweisung%20-%20Strahlschutzhaube.pdf
Betriebsanweisung - Vollmaske mit Filtervorsatz,Q3-U2-REF-009,Q3,Sicher handeln,2026_Q3_U2,PSA Basics & Handschutz,Betriebsanweisung,Live-Nachschlagewerk,Betriebsanweisung - Vollmaske mit Filtervorsatz.pdf,1,Freigegeben,90,1,0,1,Fertigung gesamt,personenbezogen,PSA-Anwendung,PSA / Handschutz / Atemschutz / Gehörschutz,Regelintervall / neue Tätigkeit / Vorfall,ArbSchG §12; DGUV Vorschrift 1 §4,Betriebsanweisung - Vollmaske mit Filtervorsatz.pdf,EHS / Produktionsleitung,46.387,46.023,,DE,/sites/BAU_PROD_ALL/Shared Documents/02 EHS/Unterweisungsplan/Betriebsanweisung - Vollmaske mit Filtervorsatz.pdf,Shared Documents,/Shared Documents/02 EHS/Unterweisungsplan,Betriebsanweisung - Vollmaske mit Filtervorsatz.pdf,pdf,Web,0,0,Unternehmensdokumente.zip,Unterweisungsplan/Betriebsanweisung - Vollmaske mit Filtervorsatz.pdf,,https://alstomgroup.sharepoint.com/sites/BAU_PROD_ALL/Shared%20Documents/02%20EHS/Unterweisungsplan/Betriebsanweisung%20-%20Vollmaske%20mit%20Filtervorsatz.pdf
Betriebsanweisung - Auffanggurt,Q4-U1-REF-001,Q4,Sicher abschließen,2026_Q4_U1,PSAgA & Spezial-PSA,Betriebsanweisung,Live-Nachschlagewerk,Betriebsanweisung - Auffanggurt.pdf,1,Freigegeben,10,1,0,1,Bereiche mit Absturzgefährdung / Spezial-PSA,arbeitsplatzbezogen,PSAgA / Höhensicherung,PSAgA / Spezial-PSA / Absturz,Regelintervall / Einsatzfall / Vorfall,ArbSchG §12; BetrSichV §12,Betriebsanweisung - Auffanggurt.pdf,EHS / Produktionsleitung,46.387,46.023,,DE,/sites/BAU_PROD_ALL/Shared Documents/02 EHS/Unterweisungsplan/Betriebsanweisung - Auffanggurt.pdf,Shared Documents,/Shared Documents/02 EHS/Unterweisungsplan,Betriebsanweisung - Auffanggurt.pdf,pdf,Web,0,0,Unternehmensdokumente.zip,Unterweisungsplan/Betriebsanweisung - Auffanggurt.pdf,,https://alstomgroup.sharepoint.com/sites/BAU_PROD_ALL/Shared%20Documents/02%20EHS/Unterweisungsplan/Betriebsanweisung%20-%20Auffanggurt.pdf
Betriebsanweisung - Falldämpferleine,Q4-U1-REF-002,Q4,Sicher abschließen,2026_Q4_U1,PSAgA & Spezial-PSA,Betriebsanweisung,Live-Nachschlagewerk,Betriebsanweisung - Falldämpferleine.pdf,1,Freigegeben,20,1,0,1,Bereiche mit Absturzgefährdung / Spezial-PSA,arbeitsplatzbezogen,PSAgA / Höhensicherung,PSAgA / Spezial-PSA / Absturz,Regelintervall / Einsatzfall / Vorfall,ArbSchG §12; BetrSichV §12,Betriebsanweisung - Falldämpferleine.pdf,EHS / Produktionsleitung,46.387,46.023,,DE,/sites/BAU_PROD_ALL/Shared Documents/02 EHS/Unterweisungsplan/Betriebsanweisung - Falldämpferleine.pdf,Shared Documents,/Shared Documents/02 EHS/Unterweisungsplan,Betriebsanweisung - Falldämpferleine.pdf,pdf,Web,0,0,Unternehmensdokumente.zip,Unterweisungsplan/Betriebsanweisung - Falldämpferleine.pdf,,https://alstomgroup.sharepoint.com/sites/BAU_PROD_ALL/Shared%20Documents/02%20EHS/Unterweisungsplan/Betriebsanweisung%20-%20Falld%C3%A4mpferleine.pdf
Betriebsanweisung - Verwenden der Auffangeinrichtung Höhensicherung,Q4-U1-REF-003,Q4,Sicher abschließen,2026_Q4_U1,PSAgA & Spezial-PSA,Betriebsanweisung,Live-Nachschlagewerk,Betriebsanweisung - Verwenden der Auffangeinrichtung Höhensicherung.pdf,1,Freigegeben,30,1,0,1,Bereiche mit Absturzgefährdung / Spezial-PSA,arbeitsplatzbezogen,PSAgA / Höhensicherung,PSAgA / Spezial-PSA / Absturz,Regelintervall / Einsatzfall / Vorfall,ArbSchG §12; BetrSichV §12,Betriebsanweisung - Verwenden der Auffangeinrichtung Höhensicherung.pdf,EHS / Produktionsleitung,46.387,46.023,,DE,/sites/BAU_PROD_ALL/Shared Documents/02 EHS/Unterweisungsplan/Betriebsanweisung - Verwenden der Auffangeinrichtung Höhensicherung.pdf,Shared Documents,/Shared Documents/02 EHS/Unterweisungsplan,Betriebsanweisung - Verwenden der Auffangeinrichtung Höhensicherung.pdf,pdf,Web,0,0,Unternehmensdokumente.zip,Unterweisungsplan/Betriebsanweisung - Verwenden der Auffangeinrichtung Höhensicherung.pdf,,https://alstomgroup.sharepoint.com/sites/BAU_PROD_ALL/Shared%20Documents/02%20EHS/Unterweisungsplan/Betriebsanweisung%20-%20Verwenden%20der%20Auffangeinrichtung%20H%C3%B6hensicherung.pdf
0 - Deckblatt und Einleitung_11_23,Q4-U2-REF-001,Q4,Sicher abschließen,2026_Q4_U2,"Compliance, Meldung & Brandschutz",Referenzdokument,Live-Nachschlagewerk,0 - Deckblatt und Einleitung_11_23.pdf,1,Freigegeben,10,0,1,1,Fertigung gesamt / Führungskräfte,werkweit,Meldewege / Evakuierung / Brandschutz,Alert Procedure / Brandschutz / Compliance,Regelintervall / Vorfall / Audit,ArbSchG §12; DGUV Vorschrift 1 §4,0 - Deckblatt und Einleitung_11_23.pdf,EHS / Produktionsleitung,46.387,46.023,,DE,/sites/BAU_PROD_ALL/Shared Documents/02 EHS/Unterweisungsplan/0 - Deckblatt und Einleitung_11_23.pdf,Shared Documents,/Shared Documents/02 EHS/Unterweisungsplan,0 - Deckblatt und Einleitung_11_23.pdf,pdf,Web,0,0,Unternehmensdokumente.zip,Unterweisungsplan/0 - Deckblatt und Einleitung_11_23.pdf,,https://alstomgroup.sharepoint.com/sites/BAU_PROD_ALL/Shared%20Documents/02%20EHS/Unterweisungsplan/0%20-%20Deckblatt%20und%20Einleitung_11_23.pdf
06-2025 Monatsthema Brandschutzorganisation,Q4-U2-REF-002,Q4,Sicher abschließen,2026_Q4_U2,"Compliance, Meldung & Brandschutz",Monatsthema,Live-Nachschlagewerk,06-2025 Monatsthema Brandschutzorganisation.pdf,1,Freigegeben,20,1,0,1,Fertigung gesamt / Führungskräfte,werkweit,Meldewege / Evakuierung / Brandschutz,Alert Procedure / Brandschutz / Compliance,Regelintervall / Vorfall / Audit,ArbSchG §12; DGUV Vorschrift 1 §4,06-2025 Monatsthema Brandschutzorganisation.pdf,EHS / Produktionsleitung,46.387,46.023,,DE,/sites/BAU_PROD_ALL/Shared Documents/02 EHS/Unterweisungsplan/06-2025 Monatsthema Brandschutzorganisation.pdf,Shared Documents,/Shared Documents/02 EHS/Unterweisungsplan,06-2025 Monatsthema Brandschutzorganisation.pdf,pdf,Web,0,0,Unternehmensdokumente.zip,Unterweisungsplan/06-2025 Monatsthema Brandschutzorganisation.pdf,,https://alstomgroup.sharepoint.com/sites/BAU_PROD_ALL/Shared%20Documents/02%20EHS/Unterweisungsplan/06-2025%20Monatsthema%20Brandschutzorganisation.pdf
8 - Checklist Modul VIII - Checkliste EHS_11_23,Q4-U2-REF-003,Q4,Sicher abschließen,2026_Q4_U2,"Compliance, Meldung & Brandschutz",Checkliste,System / Vorlage,8 - Checklist Modul VIII - Checkliste EHS_11_23.pdf,1,Freigegeben,30,1,0,1,Fertigung gesamt / Führungskräfte,werkweit,Meldewege / Evakuierung / Brandschutz,Alert Procedure / Brandschutz / Compliance,Regelintervall / Vorfall / Audit,ArbSchG §12; DGUV Vorschrift 1 §4,8 - Checklist Modul VIII - Checkliste EHS_11_23.pdf,EHS / Produktionsleitung,46.387,46.023,,DE,/sites/BAU_PROD_ALL/Shared Documents/02 EHS/Unterweisungsplan/8 - Checklist Modul VIII - Checkliste EHS_11_23.pdf,Shared Documents,/Shared Documents/02 EHS/Unterweisungsplan,8 - Checklist Modul VIII - Checkliste EHS_11_23.pdf,pdf,Web,0,0,Unternehmensdokumente.zip,Unterweisungsplan/8 - Checklist Modul VIII - Checkliste EHS_11_23.pdf,,https://alstomgroup.sharepoint.com/sites/BAU_PROD_ALL/Shared%20Documents/02%20EHS/Unterweisungsplan/8%20-%20Checklist%20Modul%20VIII%20-%20Checkliste%20EHS_11_23.pdf
Sicherheit_mit_Partnern.mp4,Q4-U2-VID-003,Q4,Sicher abschließen,2026_Q4_U2,"Compliance, Meldung & Brandschutz",Video,Training Video,Video – Sicherheit mit Partnern,1,Freigegeben,30,0,1,1,Fertigung gesamt,werkweit,arbeitsplatzbezogen,"Compliance, Meldung & Brandschutz",regelmäßig,,,EHS / Fertigung,,,V01,de,/sites/BAU_PROD_ALL/Shared Documents/02 EHS/Unterweisungsplan/Videos/Sicherheit_mit_Partnern.mp4,Dokumente,/Shared Documents/02 EHS/Unterweisungsplan/Videos,Sicherheit_mit_Partnern.mp4,mp4,Web,0,,SharePoint Videos,,0,https://alstomgroup.sharepoint.com/sites/BAU_PROD_ALL/Shared%20Documents/02%20EHS/Unterweisungsplan/Videos/Sicherheit_mit_Partnern.mp4
8 - Checklist Modul VIII - Checkliste und Erstmaßnahme_11_23,Q4-U2-REF-004,Q4,Sicher abschließen,2026_Q4_U2,"Compliance, Meldung & Brandschutz",Checkliste,System / Vorlage,8 - Checklist Modul VIII - Checkliste und Erstmaßnahme_11_23.pdf,1,Freigegeben,40,1,0,1,Fertigung gesamt / Führungskräfte,werkweit,Meldewege / Evakuierung / Brandschutz,Alert Procedure / Brandschutz / Compliance,Regelintervall / Vorfall / Audit,ArbSchG §12; DGUV Vorschrift 1 §4,8 - Checklist Modul VIII - Checkliste und Erstmaßnahme_11_23.pdf,EHS / Produktionsleitung,46.387,46.023,,DE,/sites/BAU_PROD_ALL/Shared Documents/02 EHS/Unterweisungsplan/8 - Checklist Modul VIII - Checkliste und Erstmaßnahme_11_23.pdf,Shared Documents,/Shared Documents/02 EHS/Unterweisungsplan,8 - Checklist Modul VIII - Checkliste und Erstmaßnahme_11_23.pdf,pdf,Web,0,0,Unternehmensdokumente.zip,Unterweisungsplan/8 - Checklist Modul VIII - Checkliste und Erstmaßnahme_11_23.pdf,,https://alstomgroup.sharepoint.com/sites/BAU_PROD_ALL/Shared%20Documents/02%20EHS/Unterweisungsplan/8%20-%20Checklist%20Modul%20VIII%20-%20Checkliste%20und%20Erstma%C3%9Fnahme_11_23.pdf
8 - Modul VIII - Evakuierungen_11_23,Q4-U2-REF-005,Q4,Sicher abschließen,2026_Q4_U2,"Compliance, Meldung & Brandschutz",Referenzdokument,Live-Nachschlagewerk,8 - Modul VIII - Evakuierungen_11_23.pdf,1,Freigegeben,50,0,0,1,Fertigung gesamt / Führungskräfte,werkweit,Meldewege / Evakuierung / Brandschutz,Alert Procedure / Brandschutz / Compliance,Regelintervall / Vorfall / Audit,ArbSchG §12; DGUV Vorschrift 1 §4,8 - Modul VIII - Evakuierungen_11_23.pdf,EHS / Produktionsleitung,46.387,46.023,,DE,/sites/BAU_PROD_ALL/Shared Documents/02 EHS/Unterweisungsplan/8 - Modul VIII - Evakuierungen_11_23.pdf,Shared Documents,/Shared Documents/02 EHS/Unterweisungsplan,8 - Modul VIII - Evakuierungen_11_23.pdf,pdf,Web,0,0,Unternehmensdokumente.zip,Unterweisungsplan/8 - Modul VIII - Evakuierungen_11_23.pdf,,https://alstomgroup.sharepoint.com/sites/BAU_PROD_ALL/Shared%20Documents/02%20EHS/Unterweisungsplan/8%20-%20Modul%20VIII%20-%20Evakuierungen_11_23.pdf
ALST_INFOG EC_2020_ALERT PROCEDURE_v1_DE,Q4-U2-REF-006,Q4,Sicher abschließen,2026_Q4_U2,"Compliance, Meldung & Brandschutz",Meldeweg / Notfallinformation,Live-Nachschlagewerk,ALST_INFOG EC_2020_ALERT PROCEDURE_v1_DE.pdf,1,Freigegeben,60,1,0,1,Fertigung gesamt / Führungskräfte,werkweit,Meldewege / Evakuierung / Brandschutz,Alert Procedure / Brandschutz / Compliance,Regelintervall / Vorfall / Audit,ArbSchG §12; DGUV Vorschrift 1 §4,ALST_INFOG EC_2020_ALERT PROCEDURE_v1_DE.pdf,EHS / Produktionsleitung,46.387,46.023,V1,DE,/sites/BAU_PROD_ALL/Shared Documents/02 EHS/Unterweisungsplan/ALST_INFOG EC_2020_ALERT PROCEDURE_v1_DE.pdf,Shared Documents,/Shared Documents/02 EHS/Unterweisungsplan,ALST_INFOG EC_2020_ALERT PROCEDURE_v1_DE.pdf,pdf,Web,0,0,Unternehmensdokumente.zip,Unterweisungsplan/ALST_INFOG EC_2020_ALERT PROCEDURE_v1_DE.pdf,,https://alstomgroup.sharepoint.com/sites/BAU_PROD_ALL/Shared%20Documents/02%20EHS/Unterweisungsplan/ALST_INFOG%20EC_2020_ALERT%20PROCEDURE_v1_DE.pdf
Alstom Alert Procedure FAQ 2020_DE_V2,Q4-U2-REF-007,Q4,Sicher abschließen,2026_Q4_U2,"Compliance, Meldung & Brandschutz",FAQ,Live-Nachschlagewerk,Alstom Alert Procedure FAQ 2020_DE_V2.pdf,1,Freigegeben,70,1,0,1,Fertigung gesamt / Führungskräfte,werkweit,Meldewege / Evakuierung / Brandschutz,Alert Procedure / Brandschutz / Compliance,Regelintervall / Vorfall / Audit,ArbSchG §12; DGUV Vorschrift 1 §4,Alstom Alert Procedure FAQ 2020_DE_V2.pdf,EHS / Produktionsleitung,46.387,46.023,V2,DE,/sites/BAU_PROD_ALL/Shared Documents/02 EHS/Unterweisungsplan/Alstom Alert Procedure FAQ 2020_DE_V2.pdf,Shared Documents,/Shared Documents/02 EHS/Unterweisungsplan,Alstom Alert Procedure FAQ 2020_DE_V2.pdf,pdf,Web,0,0,Unternehmensdokumente.zip,Unterweisungsplan/Alstom Alert Procedure FAQ 2020_DE_V2.pdf,,https://alstomgroup.sharepoint.com/sites/BAU_PROD_ALL/Shared%20Documents/02%20EHS/Unterweisungsplan/Alstom%20Alert%20Procedure%20FAQ%202020_DE_V2.pdf
Arbeitsunfall_N-Halle_02-05-2025,Q4-U2-REF-008,Q4,Sicher abschließen,2026_Q4_U2,"Compliance, Meldung & Brandschutz",Vorfallinformation,Live-Nachschlagewerk,Arbeitsunfall_N-Halle_02-05-2025.pdf,1,Freigegeben,80,0,0,1,Fertigung gesamt / Führungskräfte,werkweit,Meldewege / Evakuierung / Brandschutz,Alert Procedure / Brandschutz / Compliance,Regelintervall / Vorfall / Audit,ArbSchG §12; DGUV Vorschrift 1 §4,Arbeitsunfall_N-Halle_02-05-2025.pdf,EHS / Produktionsleitung,46.387,46.023,,DE,/sites/BAU_PROD_ALL/Shared Documents/02 EHS/Unterweisungsplan/Arbeitsunfall_N-Halle_02-05-2025.pdf,Shared Documents,/Shared Documents/02 EHS/Unterweisungsplan,Arbeitsunfall_N-Halle_02-05-2025.pdf,pdf,Web,0,0,Unternehmensdokumente.zip,Unterweisungsplan/Arbeitsunfall_N-Halle_02-05-2025.pdf,,https://alstomgroup.sharepoint.com/sites/BAU_PROD_ALL/Shared%20Documents/02%20EHS/Unterweisungsplan/Arbeitsunfall_N-Halle_02-05-2025.pdf
Die 12 ALSTOM Sicherheitsrichtlinien TOOLBOX TALK,Q4-U2-REF-009,Q4,Sicher abschließen,2026_Q4_U2,"Compliance, Meldung & Brandschutz",Referenzdokument,Live-Nachschlagewerk,Die 12 ALSTOM Sicherheitsrichtlinien TOOLBOX TALK.pdf,1,Freigegeben,90,0,0,1,Fertigung gesamt / Führungskräfte,werkweit,Meldewege / Evakuierung / Brandschutz,Alert Procedure / Brandschutz / Compliance,Regelintervall / Vorfall / Audit,ArbSchG §12; DGUV Vorschrift 1 §4,Die 12 ALSTOM Sicherheitsrichtlinien TOOLBOX TALK.pdf,EHS / Produktionsleitung,46.387,46.023,,DE,/sites/BAU_PROD_ALL/Shared Documents/02 EHS/Unterweisungsplan/Die 12 ALSTOM Sicherheitsrichtlinien TOOLBOX TALK.pdf,Shared Documents,/Shared Documents/02 EHS/Unterweisungsplan,Die 12 ALSTOM Sicherheitsrichtlinien TOOLBOX TALK.pdf,pdf,Web,0,0,Unternehmensdokumente.zip,Unterweisungsplan/Die 12 ALSTOM Sicherheitsrichtlinien TOOLBOX TALK.pdf,,https://alstomgroup.sharepoint.com/sites/BAU_PROD_ALL/Shared%20Documents/02%20EHS/Unterweisungsplan/Die%2012%20ALSTOM%20Sicherheitsrichtlinien%20TOOLBOX%20TALK.pdf
Verhalten in Raucherbereichen,Q4-U2-REF-010,Q4,Sicher abschließen,2026_Q4_U2,"Compliance, Meldung & Brandschutz",Referenzdokument,Live-Nachschlagewerk,Verhalten in Raucherbereichen.pdf,1,Freigegeben,100,0,0,1,Fertigung gesamt / Führungskräfte,werkweit,Meldewege / Evakuierung / Brandschutz,Alert Procedure / Brandschutz / Compliance,Regelintervall / Vorfall / Audit,ArbSchG §12; DGUV Vorschrift 1 §4,Verhalten in Raucherbereichen.pdf,EHS / Produktionsleitung,46.387,46.023,,DE,/sites/BAU_PROD_ALL/Shared Documents/02 EHS/Unterweisungsplan/Verhalten in Raucherbereichen.pdf,Shared Documents,/Shared Documents/02 EHS/Unterweisungsplan,Verhalten in Raucherbereichen.pdf,pdf,Web,0,0,Unternehmensdokumente.zip,Unterweisungsplan/Verhalten in Raucherbereichen.pdf,,https://alstomgroup.sharepoint.com/sites/BAU_PROD_ALL/Shared%20Documents/02%20EHS/Unterweisungsplan/Verhalten%20in%20Raucherbereichen.pdf
01-2026 Monatsthema Problemlösung 5 Why,001-REF-001,,,,Allgemeine Unterweisungsgrundlagen,Monatsthema,Live-Nachschlagewerk,01-2026 Monatsthema Problemlösung 5 Why.pdf,1,Freigegeben,10,1,0,1,Trainer / EHS / Führungskräfte,allgemein,Planung / System / Dokumentation,Unterweisungssystem / Dokumentation,bei Bedarf,ArbSchG §12,01-2026 Monatsthema Problemlösung 5 Why.pdf,EHS / Produktionsleitung,46.387,46.023,,DE,/sites/BAU_PROD_ALL/Shared Documents/02 EHS/Unterweisungsplan/01-2026 Monatsthema Problemlösung 5 Why.pdf,Shared Documents,/Shared Documents/02 EHS/Unterweisungsplan,01-2026 Monatsthema Problemlösung 5 Why.pdf,pdf,Web,0,0,Unternehmensdokumente.zip,Unterweisungsplan/01-2026 Monatsthema Problemlösung 5 Why.pdf,,https://alstomgroup.sharepoint.com/sites/BAU_PROD_ALL/Shared%20Documents/02%20EHS/Unterweisungsplan/01-2026%20Monatsthema%20Probleml%C3%B6sung%205%20Why.pdf
04-2025 Monatsthema EHS-Zertifizierungen,001-REF-002,,,,Allgemeine Unterweisungsgrundlagen,Monatsthema,Live-Nachschlagewerk,04-2025 Monatsthema EHS-Zertifizierungen.pdf,1,Freigegeben,20,1,0,1,Trainer / EHS / Führungskräfte,allgemein,Planung / System / Dokumentation,Unterweisungssystem / Dokumentation,bei Bedarf,ArbSchG §12,04-2025 Monatsthema EHS-Zertifizierungen.pdf,EHS / Produktionsleitung,46.387,46.023,,DE,/sites/BAU_PROD_ALL/Shared Documents/02 EHS/Unterweisungsplan/04-2025 Monatsthema EHS-Zertifizierungen.pdf,Shared Documents,/Shared Documents/02 EHS/Unterweisungsplan,04-2025 Monatsthema EHS-Zertifizierungen.pdf,pdf,Web,0,0,Unternehmensdokumente.zip,Unterweisungsplan/04-2025 Monatsthema EHS-Zertifizierungen.pdf,,https://alstomgroup.sharepoint.com/sites/BAU_PROD_ALL/Shared%20Documents/02%20EHS/Unterweisungsplan/04-2025%20Monatsthema%20EHS-Zertifizierungen.pdf
09-2025 Monatsthema-Ordnung und Sauberkeit,001-REF-003,,,,Allgemeine Unterweisungsgrundlagen,Monatsthema,Live-Nachschlagewerk,09-2025 Monatsthema-Ordnung und Sauberkeit.pdf,1,Freigegeben,30,1,0,1,Trainer / EHS / Führungskräfte,allgemein,Planung / System / Dokumentation,Unterweisungssystem / Dokumentation,bei Bedarf,ArbSchG §12,09-2025 Monatsthema-Ordnung und Sauberkeit.pdf,EHS / Produktionsleitung,46.387,46.023,,DE,/sites/BAU_PROD_ALL/Shared Documents/02 EHS/Unterweisungsplan/09-2025 Monatsthema-Ordnung und Sauberkeit.pdf,Shared Documents,/Shared Documents/02 EHS/Unterweisungsplan,09-2025 Monatsthema-Ordnung und Sauberkeit.pdf,pdf,Web,0,0,Unternehmensdokumente.zip,Unterweisungsplan/09-2025 Monatsthema-Ordnung und Sauberkeit.pdf,,https://alstomgroup.sharepoint.com/sites/BAU_PROD_ALL/Shared%20Documents/02%20EHS/Unterweisungsplan/09-2025%20Monatsthema-Ordnung%20und%20Sauberkeit.pdf
Aktualisierungsübersicht_11_23,001-REF-004,,,,Allgemeine Unterweisungsgrundlagen,Referenzdokument,Live-Nachschlagewerk,Aktualisierungsübersicht_11_23.pdf,1,Freigegeben,40,0,0,1,Trainer / EHS / Führungskräfte,allgemein,Planung / System / Dokumentation,Unterweisungssystem / Dokumentation,bei Bedarf,ArbSchG §12,Aktualisierungsübersicht_11_23.pdf,EHS / Produktionsleitung,46.387,46.023,,DE,/sites/BAU_PROD_ALL/Shared Documents/02 EHS/Unterweisungsplan/Aktualisierungsübersicht_11_23.pdf,Shared Documents,/Shared Documents/02 EHS/Unterweisungsplan,Aktualisierungsübersicht_11_23.pdf,pdf,Web,0,0,Unternehmensdokumente.zip,Unterweisungsplan/Aktualisierungsübersicht_11_23.pdf,,https://alstomgroup.sharepoint.com/sites/BAU_PROD_ALL/Shared%20Documents/02%20EHS/Unterweisungsplan/Aktualisierungs%C3%BCbersicht_11_23.pdf
Alstom_PPT_template_16-9_2026_final,001-REF-005,,,,Allgemeine Unterweisungsgrundlagen,Präsentationsvorlage,System / Vorlage,Alstom_PPT_template_16-9_2026_final.potx,1,Freigegeben,50,0,0,1,Trainer / EHS / Führungskräfte,allgemein,Planung / System / Dokumentation,Unterweisungssystem / Dokumentation,bei Bedarf,ArbSchG §12,Alstom_PPT_template_16-9_2026_final.potx,EHS / Produktionsleitung,46.387,46.023,,DE,/sites/BAU_PROD_ALL/Shared Documents/02 EHS/Unterweisungsplan/Alstom_PPT_template_16-9_2026_final.potx,Shared Documents,/Shared Documents/02 EHS/Unterweisungsplan,Alstom_PPT_template_16-9_2026_final.potx,potx,Web,0,0,Unternehmensdokumente.zip,Unterweisungsplan/Alstom_PPT_template_16-9_2026_final.potx,,https://alstomgroup.sharepoint.com/sites/BAU_PROD_ALL/Shared%20Documents/02%20EHS/Unterweisungsplan/Alstom_PPT_template_16-9_2026_final.potx
EHS-PRO-017-V6_Aushubarbeiten,001-REF-006,,,,Allgemeine Unterweisungsgrundlagen,EHS-PRO,Live-Nachschlagewerk,EHS-PRO-017-V6_Aushubarbeiten.pdf,1,Freigegeben,60,1,0,1,Trainer / EHS / Führungskräfte,allgemein,Planung / System / Dokumentation,Unterweisungssystem / Dokumentation,bei Bedarf,ArbSchG §12,EHS-PRO-017-V6_Aushubarbeiten.pdf,EHS / Produktionsleitung,46.387,46.023,V6,DE,/sites/BAU_PROD_ALL/Shared Documents/02 EHS/Unterweisungsplan/EHS-PRO-017-V6_Aushubarbeiten.pdf,Shared Documents,/Shared Documents/02 EHS/Unterweisungsplan,EHS-PRO-017-V6_Aushubarbeiten.pdf,pdf,Web,0,0,Unternehmensdokumente.zip,Unterweisungsplan/EHS-PRO-017-V6_Aushubarbeiten.pdf,,https://alstomgroup.sharepoint.com/sites/BAU_PROD_ALL/Shared%20Documents/02%20EHS/Unterweisungsplan/EHS-PRO-017-V6_Aushubarbeiten.pdf
EHS-PRO-021-V6_Arbeiten_in_engen-Räumen,001-REF-007,,,,Allgemeine Unterweisungsgrundlagen,EHS-PRO,Live-Nachschlagewerk,EHS-PRO-021-V6_Arbeiten_in_engen-Räumen.pdf,1,Freigegeben,70,1,0,1,Trainer / EHS / Führungskräfte,allgemein,Planung / System / Dokumentation,Unterweisungssystem / Dokumentation,bei Bedarf,ArbSchG §12,EHS-PRO-021-V6_Arbeiten_in_engen-Räumen.pdf,EHS / Produktionsleitung,46.387,46.023,V6,DE,/sites/BAU_PROD_ALL/Shared Documents/02 EHS/Unterweisungsplan/EHS-PRO-021-V6_Arbeiten_in_engen-Räumen.pdf,Shared Documents,/Shared Documents/02 EHS/Unterweisungsplan,EHS-PRO-021-V6_Arbeiten_in_engen-Räumen.pdf,pdf,Web,0,0,Unternehmensdokumente.zip,Unterweisungsplan/EHS-PRO-021-V6_Arbeiten_in_engen-Räumen.pdf,,https://alstomgroup.sharepoint.com/sites/BAU_PROD_ALL/Shared%20Documents/02%20EHS/Unterweisungsplan/EHS-PRO-021-V6_Arbeiten_in_engen-R%C3%A4umen.pdf
FIN-WMS-007-V8,001-REF-008,,,,Allgemeine Unterweisungsgrundlagen,Referenzdokument,Live-Nachschlagewerk,FIN-WMS-007-V8.pdf,1,In Prüfung,80,0,0,1,Trainer / EHS / Führungskräfte,allgemein,Planung / System / Dokumentation,Unterweisungssystem / Dokumentation,bei Bedarf,ArbSchG §12,FIN-WMS-007-V8.pdf,EHS / Produktionsleitung,46.387,46.023,V8,DE,/sites/BAU_PROD_ALL/Shared Documents/02 EHS/Unterweisungsplan/Weitere/FIN-WMS-007-V8.pdf,Shared Documents,/Shared Documents/02 EHS/Unterweisungsplan/Weitere,FIN-WMS-007-V8.pdf,pdf,Web,0,0,Weitere.zip,FIN-WMS-007-V8.pdf,Pfad in SharePoint angenommen: /Shared Documents/02 EHS/Unterweisungsplan/Weitere/,https://alstomgroup.sharepoint.com/sites/BAU_PROD_ALL/Shared%20Documents/02%20EHS/Unterweisungsplan/Weitere/FIN-WMS-007-V8.pdf
HSE_Standard_02_Abdeckung von Kabeln und Schläuchen auf Verkehrswegen,001-REF-009,,,,Allgemeine Unterweisungsgrundlagen,Standard,Live-Nachschlagewerk,HSE_Standard_02_Abdeckung von Kabeln und Schläuchen auf Verkehrswegen.pdf,1,Freigegeben,90,1,0,1,Trainer / EHS / Führungskräfte,allgemein,Planung / System / Dokumentation,Unterweisungssystem / Dokumentation,bei Bedarf,ArbSchG §12,HSE_Standard_02_Abdeckung von Kabeln und Schläuchen auf Verkehrswegen.pdf,EHS / Produktionsleitung,46.387,46.023,,DE,/sites/BAU_PROD_ALL/Shared Documents/02 EHS/Unterweisungsplan/HSE_Standard_02_Abdeckung von Kabeln und Schläuchen auf Verkehrswegen.pdf,Shared Documents,/Shared Documents/02 EHS/Unterweisungsplan,HSE_Standard_02_Abdeckung von Kabeln und Schläuchen auf Verkehrswegen.pdf,pdf,Web,0,0,Unternehmensdokumente.zip,Unterweisungsplan/HSE_Standard_02_Abdeckung von Kabeln und Schläuchen auf Verkehrswegen.pdf,,https://alstomgroup.sharepoint.com/sites/BAU_PROD_ALL/Shared%20Documents/02%20EHS/Unterweisungsplan/HSE_Standard_02_Abdeckung%20von%20Kabeln%20und%20Schl%C3%A4uchen%20auf%20Verkehrswegen.pdf
IND-WMS-021-F,001-REF-010,,,,Allgemeine Unterweisungsgrundlagen,Excel-Dokument,System / Vorlage,IND-WMS-021-F.xlsx,1,In Prüfung,100,0,0,1,Trainer / EHS / Führungskräfte,allgemein,Planung / System / Dokumentation,Unterweisungssystem / Dokumentation,bei Bedarf,ArbSchG §12,IND-WMS-021-F.xlsx,EHS / Produktionsleitung,46.387,46.023,,DE,/sites/BAU_PROD_ALL/Shared Documents/02 EHS/Unterweisungsplan/Weitere/IND-WMS-021-F.xlsx,Shared Documents,/Shared Documents/02 EHS/Unterweisungsplan/Weitere,IND-WMS-021-F.xlsx,xlsx,Web,0,0,Weitere.zip,IND-WMS-021-F.xlsx,Pfad in SharePoint angenommen: /Shared Documents/02 EHS/Unterweisungsplan/Weitere/,https://alstomgroup.sharepoint.com/sites/BAU_PROD_ALL/Shared%20Documents/02%20EHS/Unterweisungsplan/Weitere/IND-WMS-021-F.xlsx
MNS-BAU-FRM-002-V2,001-REF-011,,,,Allgemeine Unterweisungsgrundlagen,Excel-Dokument,System / Vorlage,MNS-BAU-FRM-002-V2.xlsx,1,In Prüfung,110,0,0,1,Trainer / EHS / Führungskräfte,allgemein,Planung / System / Dokumentation,Unterweisungssystem / Dokumentation,bei Bedarf,ArbSchG §12,MNS-BAU-FRM-002-V2.xlsx,EHS / Produktionsleitung,46.387,46.023,V2,DE,/sites/BAU_PROD_ALL/Shared Documents/02 EHS/Unterweisungsplan/Weitere/MNS-BAU-FRM-002-V2.xlsx,Shared Documents,/Shared Documents/02 EHS/Unterweisungsplan/Weitere,MNS-BAU-FRM-002-V2.xlsx,xlsx,Web,0,0,Weitere.zip,MNS-BAU-FRM-002-V2.xlsx,Pfad in SharePoint angenommen: /Shared Documents/02 EHS/Unterweisungsplan/Weitere/,https://alstomgroup.sharepoint.com/sites/BAU_PROD_ALL/Shared%20Documents/02%20EHS/Unterweisungsplan/Weitere/MNS-BAU-FRM-002-V2.xlsx
MNS-BAU-MNL-001-V3,001-REF-012,,,,Allgemeine Unterweisungsgrundlagen,Referenzdokument,Live-Nachschlagewerk,MNS-BAU-MNL-001-V3.pdf,1,In Prüfung,120,0,0,1,Trainer / EHS / Führungskräfte,allgemein,Planung / System / Dokumentation,Unterweisungssystem / Dokumentation,bei Bedarf,ArbSchG §12,MNS-BAU-MNL-001-V3.pdf,EHS / Produktionsleitung,46.387,46.023,V3,DE,/sites/BAU_PROD_ALL/Shared Documents/02 EHS/Unterweisungsplan/Weitere/MNS-BAU-MNL-001-V3.pdf,Shared Documents,/Shared Documents/02 EHS/Unterweisungsplan/Weitere,MNS-BAU-MNL-001-V3.pdf,pdf,Web,0,0,Weitere.zip,MNS-BAU-MNL-001-V3.pdf,Pfad in SharePoint angenommen: /Shared Documents/02 EHS/Unterweisungsplan/Weitere/,https://alstomgroup.sharepoint.com/sites/BAU_PROD_ALL/Shared%20Documents/02%20EHS/Unterweisungsplan/Weitere/MNS-BAU-MNL-001-V3.pdf
SUP-SV-WMS-011-A,001-REF-013,,,,Allgemeine Unterweisungsgrundlagen,Referenzdokument,Live-Nachschlagewerk,SUP-SV-WMS-011-A.pdf,1,In Prüfung,130,0,0,1,Trainer / EHS / Führungskräfte,allgemein,Planung / System / Dokumentation,Unterweisungssystem / Dokumentation,bei Bedarf,ArbSchG §12,SUP-SV-WMS-011-A.pdf,EHS / Produktionsleitung,46.387,46.023,,DE,/sites/BAU_PROD_ALL/Shared Documents/02 EHS/Unterweisungsplan/Weitere/SUP-SV-WMS-011-A.pdf,Shared Documents,/Shared Documents/02 EHS/Unterweisungsplan/Weitere,SUP-SV-WMS-011-A.pdf,pdf,Web,0,0,Weitere.zip,SUP-SV-WMS-011-A.pdf,Pfad in SharePoint angenommen: /Shared Documents/02 EHS/Unterweisungsplan/Weitere/,https://alstomgroup.sharepoint.com/sites/BAU_PROD_ALL/Shared%20Documents/02%20EHS/Unterweisungsplan/Weitere/SUP-SV-WMS-011-A.pdf
Unterweisungsplan Rev.05,001-REF-014,,,,Allgemeine Unterweisungsgrundlagen,Excel-Dokument,System / Vorlage,Unterweisungsplan Rev.05.xlsx,1,Freigegeben,140,0,0,1,Trainer / EHS / Führungskräfte,allgemein,Planung / System / Dokumentation,Unterweisungssystem / Dokumentation,bei Bedarf,ArbSchG §12,Unterweisungsplan Rev.05.xlsx,EHS / Produktionsleitung,46.387,46.023,,DE,/sites/BAU_PROD_ALL/Shared Documents/02 EHS/Unterweisungsplan/Unterweisungsplan Rev.05.xlsx,Shared Documents,/Shared Documents/02 EHS/Unterweisungsplan,Unterweisungsplan Rev.05.xlsx,xlsx,Web,0,0,Unternehmensdokumente.zip,Unterweisungsplan/Unterweisungsplan Rev.05.xlsx,,https://alstomgroup.sharepoint.com/sites/BAU_PROD_ALL/Shared%20Documents/02%20EHS/Unterweisungsplan/Unterweisungsplan%20Rev.05.xlsx
Vorlage_Bericht_Inspection_PGI_Stand_08-10-2024(PGI Deutsch),001-REF-015,,,,Allgemeine Unterweisungsgrundlagen,CSV / Export,System / Vorlage,Vorlage_Bericht_Inspection_PGI_Stand_08-10-2024(PGI Deutsch).csv,1,Freigegeben,150,0,0,0,Trainer / EHS / Führungskräfte,allgemein,Planung / System / Dokumentation,Unterweisungssystem / Dokumentation,bei Bedarf,ArbSchG §12,Vorlage_Bericht_Inspection_PGI_Stand_08-10-2024(PGI Deutsch).csv,EHS / Produktionsleitung,46.387,46.023,,DE,/sites/BAU_PROD_ALL/Shared Documents/02 EHS/Unterweisungsplan/Vorlage_Bericht_Inspection_PGI_Stand_08-10-2024(PGI Deutsch).csv,Shared Documents,/Shared Documents/02 EHS/Unterweisungsplan,Vorlage_Bericht_Inspection_PGI_Stand_08-10-2024(PGI Deutsch).csv,csv,Web,0,0,Unternehmensdokumente.zip,Unterweisungsplan/Vorlage_Bericht_Inspection_PGI_Stand_08-10-2024(PGI Deutsch).csv,,https://alstomgroup.sharepoint.com/sites/BAU_PROD_ALL/Shared%20Documents/02%20EHS/Unterweisungsplan/Vorlage_Bericht_Inspection_PGI_Stand_08-10-2024%28PGI%20Deutsch%29.csv
